,success,trial_type,trial_index,time_elapsed,internal_node_id,rt,stimulus,response,trial_id,trial_duration,view_history,exp_stage,block_num,stimulus_duration,condition,stim_color,stim_word,correct_response,choices,correct_trial,ITIParams,attention_check_question,current_key_answer,exp_id,attention_check_percent
0,True,fullscreen,0,2532,0.0-0.0,,,,,,,,,,,,,,,,,,,,
1,,html-keyboard-response,1,2805,0.0-1.0-0.0,270.0,"<div class = centerbox><p class = center-block-text>
    
  <p class=""center-block-text"">
    Welcome! This experiment will take around 7 minutes.
  </p>
  <p class=""center-block-text"">
    To avoid technical issues, please keep the experiment tab (on Chrome or Firefox) active and in fullscreen mode for the whole duration of each task.
  </p>
  <p class=""center-block-text""> Press <i>enter</i> to begin.</p>

    </p></div>",enter,instruction_feedback,180000.0,,,,,,,,,,,,,,,
2,,instructions,2,27432,0.0-1.0-1.0,24625.0,,,instructions,,"[{'page_index': 0, 'viewing_time': 22900}, {'page_index': 1, 'viewing_time': 1724}]",,,,,,,,,,,,,,
3,,html-keyboard-response,3,30129,0.0-2.0-0.0,2695.0,"<div class = bigbox><div class = picture_box><p class = block-text>
    <div class = centerbox><p class = center-block-text>Press <i>enter</i> to begin practice.</p></div>
    </font></p></div></div>",enter,practice_feedback,60000.0,,practice,0.0,,,,,,,,,,,,
4,,html-keyboard-response,4,31637,0.0-2.0-1.0,,"<div class=""centerbox""><div class=""fixation"">+</div></div>",,practice_fixation,500.0,,practice,0.0,500.0,,,,,,,,,,,
5,,html-keyboard-response,5,33144,0.0-2.0-2.0,525.0,"<div class = centerbox><div class = stroop-stim style = ""color:#70FF70"">green</div></div>",/,practice_trial,1500.0,,practice,0.0,1000.0,congruent,green,green,/,"[',', '.', '/']",1.0,,,,,
6,,html-keyboard-response,6,33647,0.0-2.0-3.0,,<div class = fb_box><div class = center-text><font size =20>Correct!</font></div></div>,,practice_feedback,500.0,,practice,0.0,500.0,,,,,,,,,,,
7,,html-keyboard-response,7,35371,0.0-2.0-4.0,,<div class = centerbox><div class = fixation>+</div></div>,,practice_ITI,1719.2295656556603,,practice,0.0,1719.2295656556603,,,,,,,"{'min': 0, 'max': 5, 'mean': 0.5}",,,,
8,,html-keyboard-response,8,35873,0.0-2.0-5.0,,"<div class=""centerbox""><div class=""fixation"">+</div></div>",,practice_fixation,500.0,,practice,0.0,500.0,,,,,,,,,,,
9,,html-keyboard-response,9,37381,0.0-2.0-6.0,664.0,"<div class = centerbox><div class = stroop-stim style = ""color:#70FF70"">red</div></div>",/,practice_trial,1500.0,,practice,0.0,1000.0,incongruent,green,red,/,"[',', '.', '/']",1.0,,,,,
10,,html-keyboard-response,10,37885,0.0-2.0-7.0,,<div class = fb_box><div class = center-text><font size =20>Correct!</font></div></div>,,practice_feedback,500.0,,practice,0.0,500.0,,,,,,,,,,,
11,,html-keyboard-response,11,39523,0.0-2.0-8.0,,<div class = centerbox><div class = fixation>+</div></div>,,practice_ITI,1631.385616285897,,practice,0.0,1631.385616285897,,,,,,,"{'min': 0, 'max': 5, 'mean': 0.5}",,,,
12,,html-keyboard-response,12,40026,0.0-2.0-9.0,,"<div class=""centerbox""><div class=""fixation"">+</div></div>",,practice_fixation,500.0,,practice,0.0,500.0,,,,,,,,,,,
13,,html-keyboard-response,13,41533,0.0-2.0-10.0,579.0,"<div class = centerbox><div class = stroop-stim style = ""color:#7070FF"">blue</div></div>",.,practice_trial,1500.0,,practice,0.0,1000.0,congruent,blue,blue,.,"[',', '.', '/']",1.0,,,,,
14,,html-keyboard-response,14,42037,0.0-2.0-11.0,,<div class = fb_box><div class = center-text><font size =20>Correct!</font></div></div>,,practice_feedback,500.0,,practice,0.0,500.0,,,,,,,,,,,
15,,html-keyboard-response,15,43136,0.0-2.0-12.0,,<div class = centerbox><div class = fixation>+</div></div>,,practice_ITI,1092.4854284150863,,practice,0.0,1092.4854284150863,,,,,,,"{'min': 0, 'max': 5, 'mean': 0.5}",,,,
16,,html-keyboard-response,16,43639,0.0-2.0-13.0,,"<div class=""centerbox""><div class=""fixation"">+</div></div>",,practice_fixation,500.0,,practice,0.0,500.0,,,,,,,,,,,
17,,html-keyboard-response,17,45147,0.0-2.0-14.0,399.0,"<div class = centerbox><div class = stroop-stim style = ""color:#70FF70"">green</div></div>",/,practice_trial,1500.0,,practice,0.0,1000.0,incongruent,green,green,/,"[',', '.', '/']",1.0,,,,,
18,,html-keyboard-response,18,45650,0.0-2.0-15.0,,<div class = fb_box><div class = center-text><font size =20>Correct!</font></div></div>,,practice_feedback,500.0,,practice,0.0,500.0,,,,,,,,,,,
19,,html-keyboard-response,19,46518,0.0-2.0-16.0,,<div class = centerbox><div class = fixation>+</div></div>,,practice_ITI,862.7056681149764,,practice,0.0,862.7056681149764,,,,,,,"{'min': 0, 'max': 5, 'mean': 0.5}",,,,
20,,html-keyboard-response,20,49337,0.0-3.0-0.0,2816.0,"<div class = bigbox><div class = picture_box><p class = block-text>
    
      <div class=""centerbox"">
        <p class=""center-block-text"">We will now start the test portion.</p>
        <p class=""block-text"">Keep your <b>index finger</b> on the <b>comma key (,)</b>, your <b>middle finger</b> on the <b>period key (.)</b>, and your <b>ring finger</b> on the <b>comma key (,)</b></p>
        <p class=""block-text"">Press <i>enter</i> to continue.</p>
      </div>
    </font></p></div></div>",enter,test_feedback,60000.0,,test,0.0,,,,,,,,,,,,
21,,html-keyboard-response,21,51131,0.0-3.0-1.0-0.0,790.0,,m,test_attention_check,,,test,0.0,,,,,,,1.0,,<p class='block-text'>Press the M key</p> <div class=block-text>This screen will advance automatically in 1 minute.</div>,77.0,,
22,,html-keyboard-response,22,51634,0.0-3.0-2.0,,"<div class=""centerbox""><div class=""fixation"">+</div></div>",,test_fixation,500.0,,test,0.0,500.0,,,,,,,,,,,
23,,html-keyboard-response,23,53141,0.0-3.0-3.0,642.0,"<div class = centerbox><div class = stroop-stim style = ""color:#FF7070"">blue</div></div>",",",test_trial,1500.0,,test,0.0,1000.0,incongruent,red,blue,",","[',', '.', '/']",1.0,,,,,
24,,html-keyboard-response,24,54120,0.0-3.0-4.0,,<div class = centerbox><div class = fixation>+</div></div>,,test_ITI,973.1304867651584,,test,0.0,973.1304867651584,,,,,,,"{'min': 0, 'max': 5, 'mean': 0.5}",,,,
25,,html-keyboard-response,25,54625,0.0-3.0-5.0,,"<div class=""centerbox""><div class=""fixation"">+</div></div>",,test_fixation,500.0,,test,0.0,500.0,,,,,,,,,,,
26,,html-keyboard-response,26,56131,0.0-3.0-6.0,514.0,"<div class = centerbox><div class = stroop-stim style = ""color:#70FF70"">green</div></div>",/,test_trial,1500.0,,test,0.0,1000.0,congruent,green,green,/,"[',', '.', '/']",1.0,,,,,
27,,html-keyboard-response,27,57383,0.0-3.0-7.0,,<div class = centerbox><div class = fixation>+</div></div>,,test_ITI,1247.7370509109019,,test,0.0,1247.7370509109019,,,,,,,"{'min': 0, 'max': 5, 'mean': 0.5}",,,,
28,,html-keyboard-response,28,57889,0.0-3.0-8.0,,"<div class=""centerbox""><div class=""fixation"">+</div></div>",,test_fixation,500.0,,test,0.0,500.0,,,,,,,,,,,
29,,html-keyboard-response,29,59394,0.0-3.0-9.0,380.0,"<div class = centerbox><div class = stroop-stim style = ""color:#70FF70"">green</div></div>",/,test_trial,1500.0,,test,0.0,1000.0,congruent,green,green,/,"[',', '.', '/']",1.0,,,,,
30,,html-keyboard-response,30,59461,0.0-3.0-10.0,,<div class = centerbox><div class = fixation>+</div></div>,,test_ITI,63.93126365899762,,test,0.0,63.93126365899762,,,,,,,"{'min': 0, 'max': 5, 'mean': 0.5}",,,,
31,,html-keyboard-response,31,59964,0.0-3.0-11.0,,"<div class=""centerbox""><div class=""fixation"">+</div></div>",,test_fixation,500.0,,test,0.0,500.0,,,,,,,,,,,
32,,html-keyboard-response,32,61471,0.0-3.0-12.0,518.0,"<div class = centerbox><div class = stroop-stim style = ""color:#7070FF"">blue</div></div>",.,test_trial,1500.0,,test,0.0,1000.0,congruent,blue,blue,.,"[',', '.', '/']",1.0,,,,,
33,,html-keyboard-response,33,61711,0.0-3.0-13.0,,<div class = centerbox><div class = fixation>+</div></div>,,test_ITI,237.27227991714742,,test,0.0,237.27227991714742,,,,,,,"{'min': 0, 'max': 5, 'mean': 0.5}",,,,
34,,html-keyboard-response,34,62216,0.0-3.0-14.0,,"<div class=""centerbox""><div class=""fixation"">+</div></div>",,test_fixation,500.0,,test,0.0,500.0,,,,,,,,,,,
35,,html-keyboard-response,35,63723,0.0-3.0-15.0,741.0,"<div class = centerbox><div class = stroop-stim style = ""color:#7070FF"">red</div></div>",",",test_trial,1500.0,,test,0.0,1000.0,incongruent,blue,red,.,"[',', '.', '/']",0.0,,,,,
36,,html-keyboard-response,36,63998,0.0-3.0-16.0,,<div class = centerbox><div class = fixation>+</div></div>,,test_ITI,273.550791971528,,test,0.0,273.550791971528,,,,,,,"{'min': 0, 'max': 5, 'mean': 0.5}",,,,
37,,html-keyboard-response,37,64503,0.0-3.0-17.0,,"<div class=""centerbox""><div class=""fixation"">+</div></div>",,test_fixation,500.0,,test,0.0,500.0,,,,,,,,,,,
38,,html-keyboard-response,38,66010,0.0-3.0-18.0,1000.0,"<div class = centerbox><div class = stroop-stim style = ""color:#FF7070"">green</div></div>",",",test_trial,1500.0,,test,0.0,1000.0,incongruent,red,green,",","[',', '.', '/']",1.0,,,,,
39,,html-keyboard-response,39,66443,0.0-3.0-19.0,,<div class = centerbox><div class = fixation>+</div></div>,,test_ITI,427.7630763418426,,test,0.0,427.7630763418426,,,,,,,"{'min': 0, 'max': 5, 'mean': 0.5}",,,,
40,,html-keyboard-response,40,66948,0.0-3.0-20.0,,"<div class=""centerbox""><div class=""fixation"">+</div></div>",,test_fixation,500.0,,test,0.0,500.0,,,,,,,,,,,
41,,html-keyboard-response,41,68454,0.0-3.0-21.0,523.0,"<div class = centerbox><div class = stroop-stim style = ""color:#7070FF"">blue</div></div>",.,test_trial,1500.0,,test,0.0,1000.0,congruent,blue,blue,.,"[',', '.', '/']",1.0,,,,,
42,,html-keyboard-response,42,68788,0.0-3.0-22.0,,<div class = centerbox><div class = fixation>+</div></div>,,test_ITI,331.90897177883727,,test,0.0,331.90897177883727,,,,,,,"{'min': 0, 'max': 5, 'mean': 0.5}",,,,
43,,html-keyboard-response,43,69293,0.0-3.0-23.0,,"<div class=""centerbox""><div class=""fixation"">+</div></div>",,test_fixation,500.0,,test,0.0,500.0,,,,,,,,,,,
44,,html-keyboard-response,44,70799,0.0-3.0-24.0,468.0,"<div class = centerbox><div class = stroop-stim style = ""color:#7070FF"">blue</div></div>",.,test_trial,1500.0,,test,0.0,1000.0,congruent,blue,blue,.,"[',', '.', '/']",1.0,,,,,
45,,html-keyboard-response,45,71022,0.0-3.0-25.0,,<div class = centerbox><div class = fixation>+</div></div>,,test_ITI,219.05862986759072,,test,0.0,219.05862986759072,,,,,,,"{'min': 0, 'max': 5, 'mean': 0.5}",,,,
46,,html-keyboard-response,46,71527,0.0-3.0-26.0,,"<div class=""centerbox""><div class=""fixation"">+</div></div>",,test_fixation,500.0,,test,0.0,500.0,,,,,,,,,,,
47,,html-keyboard-response,47,73033,0.0-3.0-27.0,332.0,"<div class = centerbox><div class = stroop-stim style = ""color:#70FF70"">red</div></div>",/,test_trial,1500.0,,test,0.0,1000.0,incongruent,green,red,/,"[',', '.', '/']",1.0,,,,,
48,,html-keyboard-response,48,73558,0.0-3.0-28.0,,<div class = centerbox><div class = fixation>+</div></div>,,test_ITI,518.1091884773273,,test,0.0,518.1091884773273,,,,,,,"{'min': 0, 'max': 5, 'mean': 0.5}",,,,
49,,html-keyboard-response,49,74063,0.0-3.0-29.0,,"<div class=""centerbox""><div class=""fixation"">+</div></div>",,test_fixation,500.0,,test,0.0,500.0,,,,,,,,,,,
50,,html-keyboard-response,50,75568,0.0-3.0-30.0,330.0,"<div class = centerbox><div class = stroop-stim style = ""color:#FF7070"">green</div></div>",",",test_trial,1500.0,,test,0.0,1000.0,incongruent,red,green,",","[',', '.', '/']",1.0,,,,,
51,,html-keyboard-response,51,75861,0.0-3.0-31.0,,<div class = centerbox><div class = fixation>+</div></div>,,test_ITI,292.8639240371822,,test,0.0,292.8639240371822,,,,,,,"{'min': 0, 'max': 5, 'mean': 0.5}",,,,
52,,html-keyboard-response,52,76366,0.0-3.0-32.0,,"<div class=""centerbox""><div class=""fixation"">+</div></div>",,test_fixation,500.0,,test,0.0,500.0,,,,,,,,,,,
53,,html-keyboard-response,53,77873,0.0-3.0-33.0,439.0,"<div class = centerbox><div class = stroop-stim style = ""color:#7070FF"">blue</div></div>",/,test_trial,1500.0,,test,0.0,1000.0,congruent,blue,blue,.,"[',', '.', '/']",0.0,,,,,
54,,html-keyboard-response,54,78349,0.0-3.0-34.0,,<div class = centerbox><div class = fixation>+</div></div>,,test_ITI,472.66316859098623,,test,0.0,472.66316859098623,,,,,,,"{'min': 0, 'max': 5, 'mean': 0.5}",,,,
55,,html-keyboard-response,55,78852,0.0-3.0-35.0,,"<div class=""centerbox""><div class=""fixation"">+</div></div>",,test_fixation,500.0,,test,0.0,500.0,,,,,,,,,,,
56,,html-keyboard-response,56,80359,0.0-3.0-36.0,609.0,"<div class = centerbox><div class = stroop-stim style = ""color:#FF7070"">red</div></div>",",",test_trial,1500.0,,test,0.0,1000.0,congruent,red,red,",","[',', '.', '/']",1.0,,,,,
57,,html-keyboard-response,57,80745,0.0-3.0-37.0,,<div class = centerbox><div class = fixation>+</div></div>,,test_ITI,379.3833546120453,,test,0.0,379.3833546120453,,,,,,,"{'min': 0, 'max': 5, 'mean': 0.5}",,,,
58,,html-keyboard-response,58,81247,0.0-3.0-38.0,,"<div class=""centerbox""><div class=""fixation"">+</div></div>",,test_fixation,500.0,,test,0.0,500.0,,,,,,,,,,,
59,,html-keyboard-response,59,82753,0.0-3.0-39.0,615.0,"<div class = centerbox><div class = stroop-stim style = ""color:#7070FF"">red</div></div>",.,test_trial,1500.0,,test,0.0,1000.0,incongruent,blue,red,.,"[',', '.', '/']",1.0,,,,,
60,,html-keyboard-response,60,82796,0.0-3.0-40.0,,<div class = centerbox><div class = fixation>+</div></div>,,test_ITI,36.381585825421105,,test,0.0,36.381585825421105,,,,,,,"{'min': 0, 'max': 5, 'mean': 0.5}",,,,
61,,html-keyboard-response,61,83302,0.0-3.0-41.0,,"<div class=""centerbox""><div class=""fixation"">+</div></div>",,test_fixation,500.0,,test,0.0,500.0,,,,,,,,,,,
62,,html-keyboard-response,62,84809,0.0-3.0-42.0,713.0,"<div class = centerbox><div class = stroop-stim style = ""color:#70FF70"">green</div></div>",/,test_trial,1500.0,,test,0.0,1000.0,incongruent,green,green,/,"[',', '.', '/']",1.0,,,,,
63,,html-keyboard-response,63,85156,0.0-3.0-43.0,,<div class = centerbox><div class = fixation>+</div></div>,,test_ITI,342.26253605133445,,test,0.0,342.26253605133445,,,,,,,"{'min': 0, 'max': 5, 'mean': 0.5}",,,,
64,,html-keyboard-response,64,85660,0.0-3.0-44.0,,"<div class=""centerbox""><div class=""fixation"">+</div></div>",,test_fixation,500.0,,test,0.0,500.0,,,,,,,,,,,
65,,html-keyboard-response,65,87167,0.0-3.0-45.0,599.0,"<div class = centerbox><div class = stroop-stim style = ""color:#FF7070"">red</div></div>",",",test_trial,1500.0,,test,0.0,1000.0,incongruent,red,red,",","[',', '.', '/']",1.0,,,,,
66,,html-keyboard-response,66,88232,0.0-3.0-46.0,,<div class = centerbox><div class = fixation>+</div></div>,,test_ITI,1059.6206788554634,,test,0.0,1059.6206788554634,,,,,,,"{'min': 0, 'max': 5, 'mean': 0.5}",,,,
67,,html-keyboard-response,67,88734,0.0-3.0-47.0,,"<div class=""centerbox""><div class=""fixation"">+</div></div>",,test_fixation,500.0,,test,0.0,500.0,,,,,,,,,,,
68,,html-keyboard-response,68,90239,0.0-3.0-48.0,467.0,"<div class = centerbox><div class = stroop-stim style = ""color:#7070FF"">green</div></div>",/,test_trial,1500.0,,test,0.0,1000.0,incongruent,blue,green,.,"[',', '.', '/']",0.0,,,,,
69,,html-keyboard-response,69,90513,0.0-3.0-49.0,,<div class = centerbox><div class = fixation>+</div></div>,,test_ITI,267.03685289546735,,test,0.0,267.03685289546735,,,,,,,"{'min': 0, 'max': 5, 'mean': 0.5}",,,,
70,,html-keyboard-response,70,91016,0.0-3.0-50.0,,"<div class=""centerbox""><div class=""fixation"">+</div></div>",,test_fixation,500.0,,test,0.0,500.0,,,,,,,,,,,
71,,html-keyboard-response,71,92523,0.0-3.0-51.0,708.0,"<div class = centerbox><div class = stroop-stim style = ""color:#FF7070"">red</div></div>",.,test_trial,1500.0,,test,0.0,1000.0,congruent,red,red,",","[',', '.', '/']",0.0,,,,,
72,,html-keyboard-response,72,93125,0.0-3.0-52.0,,<div class = centerbox><div class = fixation>+</div></div>,,test_ITI,598.4194256782336,,test,0.0,598.4194256782336,,,,,,,"{'min': 0, 'max': 5, 'mean': 0.5}",,,,
73,,html-keyboard-response,73,93629,0.0-3.0-53.0,,"<div class=""centerbox""><div class=""fixation"">+</div></div>",,test_fixation,500.0,,test,0.0,500.0,,,,,,,,,,,
74,,html-keyboard-response,74,95136,0.0-3.0-54.0,842.0,"<div class = centerbox><div class = stroop-stim style = ""color:#7070FF"">blue</div></div>",.,test_trial,1500.0,,test,0.0,1000.0,incongruent,blue,blue,.,"[',', '.', '/']",1.0,,,,,
75,,html-keyboard-response,75,95283,0.0-3.0-55.0,,<div class = centerbox><div class = fixation>+</div></div>,,test_ITI,140.3323229997092,,test,0.0,140.3323229997092,,,,,,,"{'min': 0, 'max': 5, 'mean': 0.5}",,,,
76,,html-keyboard-response,76,95788,0.0-3.0-56.0,,"<div class=""centerbox""><div class=""fixation"">+</div></div>",,test_fixation,500.0,,test,0.0,500.0,,,,,,,,,,,
77,,html-keyboard-response,77,97290,0.0-3.0-57.0,742.0,"<div class = centerbox><div class = stroop-stim style = ""color:#FF7070"">blue</div></div>",",",test_trial,1500.0,,test,0.0,1000.0,incongruent,red,blue,",","[',', '.', '/']",1.0,,,,,
78,,html-keyboard-response,78,98174,0.0-3.0-58.0,,<div class = centerbox><div class = fixation>+</div></div>,,test_ITI,879.0375566349311,,test,0.0,879.0375566349311,,,,,,,"{'min': 0, 'max': 5, 'mean': 0.5}",,,,
79,,html-keyboard-response,79,98678,0.0-3.0-59.0,,"<div class=""centerbox""><div class=""fixation"">+</div></div>",,test_fixation,500.0,,test,0.0,500.0,,,,,,,,,,,
80,,html-keyboard-response,80,100184,0.0-3.0-60.0,818.0,"<div class = centerbox><div class = stroop-stim style = ""color:#FF7070"">green</div></div>",",",test_trial,1500.0,,test,0.0,1000.0,incongruent,red,green,",","[',', '.', '/']",1.0,,,,,
81,,html-keyboard-response,81,100453,0.0-3.0-61.0,,<div class = centerbox><div class = fixation>+</div></div>,,test_ITI,263.045261839274,,test,0.0,263.045261839274,,,,,,,"{'min': 0, 'max': 5, 'mean': 0.5}",,,,
82,,html-keyboard-response,82,100957,0.0-3.0-62.0,,"<div class=""centerbox""><div class=""fixation"">+</div></div>",,test_fixation,500.0,,test,0.0,500.0,,,,,,,,,,,
83,,html-keyboard-response,83,102463,0.0-3.0-63.0,862.0,"<div class = centerbox><div class = stroop-stim style = ""color:#70FF70"">green</div></div>",/,test_trial,1500.0,,test,0.0,1000.0,incongruent,green,green,/,"[',', '.', '/']",1.0,,,,,
84,,html-keyboard-response,84,102746,0.0-3.0-64.0,,<div class = centerbox><div class = fixation>+</div></div>,,test_ITI,280.0896182351366,,test,0.0,280.0896182351366,,,,,,,"{'min': 0, 'max': 5, 'mean': 0.5}",,,,
85,,html-keyboard-response,85,103250,0.0-3.0-65.0,,"<div class=""centerbox""><div class=""fixation"">+</div></div>",,test_fixation,500.0,,test,0.0,500.0,,,,,,,,,,,
86,,html-keyboard-response,86,104751,0.0-3.0-66.0,996.0,"<div class = centerbox><div class = stroop-stim style = ""color:#7070FF"">blue</div></div>",.,test_trial,1500.0,,test,0.0,1000.0,incongruent,blue,blue,.,"[',', '.', '/']",1.0,,,,,
87,,html-keyboard-response,87,105652,0.0-3.0-67.0,,<div class = centerbox><div class = fixation>+</div></div>,,test_ITI,894.9072702825193,,test,0.0,894.9072702825193,,,,,,,"{'min': 0, 'max': 5, 'mean': 0.5}",,,,
88,,html-keyboard-response,88,106157,0.0-3.0-68.0,,"<div class=""centerbox""><div class=""fixation"">+</div></div>",,test_fixation,500.0,,test,0.0,500.0,,,,,,,,,,,
89,,html-keyboard-response,89,107663,0.0-3.0-69.0,869.0,"<div class = centerbox><div class = stroop-stim style = ""color:#70FF70"">blue</div></div>",/,test_trial,1500.0,,test,0.0,1000.0,incongruent,green,blue,/,"[',', '.', '/']",1.0,,,,,
90,,html-keyboard-response,90,108363,0.0-3.0-70.0,,<div class = centerbox><div class = fixation>+</div></div>,,test_ITI,693.4609116296074,,test,0.0,693.4609116296074,,,,,,,"{'min': 0, 'max': 5, 'mean': 0.5}",,,,
91,,html-keyboard-response,91,108866,0.0-3.0-71.0,,"<div class=""centerbox""><div class=""fixation"">+</div></div>",,test_fixation,500.0,,test,0.0,500.0,,,,,,,,,,,
92,,html-keyboard-response,92,110373,0.0-3.0-72.0,651.0,"<div class = centerbox><div class = stroop-stim style = ""color:#7070FF"">red</div></div>",",",test_trial,1500.0,,test,0.0,1000.0,incongruent,blue,red,.,"[',', '.', '/']",0.0,,,,,
93,,html-keyboard-response,93,110630,0.0-3.0-73.0,,<div class = centerbox><div class = fixation>+</div></div>,,test_ITI,251.5337516392879,,test,0.0,251.5337516392879,,,,,,,"{'min': 0, 'max': 5, 'mean': 0.5}",,,,
94,,html-keyboard-response,94,111136,0.0-3.0-74.0,,"<div class=""centerbox""><div class=""fixation"">+</div></div>",,test_fixation,500.0,,test,0.0,500.0,,,,,,,,,,,
95,,html-keyboard-response,95,112642,0.0-3.0-75.0,833.0,"<div class = centerbox><div class = stroop-stim style = ""color:#7070FF"">blue</div></div>",.,test_trial,1500.0,,test,0.0,1000.0,congruent,blue,blue,.,"[',', '.', '/']",1.0,,,,,
96,,html-keyboard-response,96,112791,0.0-3.0-76.0,,<div class = centerbox><div class = fixation>+</div></div>,,test_ITI,147.9100196139559,,test,0.0,147.9100196139559,,,,,,,"{'min': 0, 'max': 5, 'mean': 0.5}",,,,
97,,html-keyboard-response,97,113296,0.0-3.0-77.0,,"<div class=""centerbox""><div class=""fixation"">+</div></div>",,test_fixation,500.0,,test,0.0,500.0,,,,,,,,,,,
98,,html-keyboard-response,98,114797,0.0-3.0-78.0,773.0,"<div class = centerbox><div class = stroop-stim style = ""color:#7070FF"">blue</div></div>",.,test_trial,1500.0,,test,0.0,1000.0,congruent,blue,blue,.,"[',', '.', '/']",1.0,,,,,
99,,html-keyboard-response,99,114903,0.0-3.0-79.0,,<div class = centerbox><div class = fixation>+</div></div>,,test_ITI,99.53860817164345,,test,0.0,99.53860817164345,,,,,,,"{'min': 0, 'max': 5, 'mean': 0.5}",,,,
100,,html-keyboard-response,100,115409,0.0-3.0-80.0,,"<div class=""centerbox""><div class=""fixation"">+</div></div>",,test_fixation,500.0,,test,0.0,500.0,,,,,,,,,,,
101,,html-keyboard-response,101,116915,0.0-3.0-81.0,685.0,"<div class = centerbox><div class = stroop-stim style = ""color:#70FF70"">red</div></div>",",",test_trial,1500.0,,test,0.0,1000.0,incongruent,green,red,/,"[',', '.', '/']",0.0,,,,,
102,,html-keyboard-response,102,118074,0.0-3.0-82.0,,<div class = centerbox><div class = fixation>+</div></div>,,test_ITI,1157.4338233608996,,test,0.0,1157.4338233608996,,,,,,,"{'min': 0, 'max': 5, 'mean': 0.5}",,,,
103,,html-keyboard-response,103,118576,0.0-3.0-83.0,,"<div class=""centerbox""><div class=""fixation"">+</div></div>",,test_fixation,500.0,,test,0.0,500.0,,,,,,,,,,,
104,,html-keyboard-response,104,120078,0.0-3.0-84.0,866.0,"<div class = centerbox><div class = stroop-stim style = ""color:#FF7070"">green</div></div>",",",test_trial,1500.0,,test,0.0,1000.0,incongruent,red,green,",","[',', '.', '/']",1.0,,,,,
105,,html-keyboard-response,105,120093,0.0-3.0-85.0,,<div class = centerbox><div class = fixation>+</div></div>,,test_ITI,11.702879888796149,,test,0.0,11.702879888796149,,,,,,,"{'min': 0, 'max': 5, 'mean': 0.5}",,,,
106,,html-keyboard-response,106,120596,0.0-3.0-86.0,,"<div class=""centerbox""><div class=""fixation"">+</div></div>",,test_fixation,500.0,,test,0.0,500.0,,,,,,,,,,,
107,,html-keyboard-response,107,122100,0.0-3.0-87.0,670.0,"<div class = centerbox><div class = stroop-stim style = ""color:#FF7070"">blue</div></div>",",",test_trial,1500.0,,test,0.0,1000.0,incongruent,red,blue,",","[',', '.', '/']",1.0,,,,,
108,,html-keyboard-response,108,122254,0.0-3.0-88.0,,<div class = centerbox><div class = fixation>+</div></div>,,test_ITI,147.20285940054006,,test,0.0,147.20285940054006,,,,,,,"{'min': 0, 'max': 5, 'mean': 0.5}",,,,
109,,html-keyboard-response,109,122759,0.0-3.0-89.0,,"<div class=""centerbox""><div class=""fixation"">+</div></div>",,test_fixation,500.0,,test,0.0,500.0,,,,,,,,,,,
110,,html-keyboard-response,110,124265,0.0-3.0-90.0,495.0,"<div class = centerbox><div class = stroop-stim style = ""color:#FF7070"">red</div></div>",",",test_trial,1500.0,,test,0.0,1000.0,incongruent,red,red,",","[',', '.', '/']",1.0,,,,,
111,,html-keyboard-response,111,125302,0.0-3.0-91.0,,<div class = centerbox><div class = fixation>+</div></div>,,test_ITI,1030.8467066588375,,test,0.0,1030.8467066588375,,,,,,,"{'min': 0, 'max': 5, 'mean': 0.5}",,,,
112,,html-keyboard-response,112,125806,0.0-3.0-92.0,,"<div class=""centerbox""><div class=""fixation"">+</div></div>",,test_fixation,500.0,,test,0.0,500.0,,,,,,,,,,,
113,,html-keyboard-response,113,127313,0.0-3.0-93.0,502.0,"<div class = centerbox><div class = stroop-stim style = ""color:#FF7070"">red</div></div>",",",test_trial,1500.0,,test,0.0,1000.0,congruent,red,red,",","[',', '.', '/']",1.0,,,,,
114,,html-keyboard-response,114,127341,0.0-3.0-94.0,,<div class = centerbox><div class = fixation>+</div></div>,,test_ITI,23.41334257292171,,test,0.0,23.41334257292171,,,,,,,"{'min': 0, 'max': 5, 'mean': 0.5}",,,,
115,,html-keyboard-response,115,127845,0.0-3.0-95.0,,"<div class=""centerbox""><div class=""fixation"">+</div></div>",,test_fixation,500.0,,test,0.0,500.0,,,,,,,,,,,
116,,html-keyboard-response,116,129352,0.0-3.0-96.0,384.0,"<div class = centerbox><div class = stroop-stim style = ""color:#70FF70"">green</div></div>",/,test_trial,1500.0,,test,0.0,1000.0,incongruent,green,green,/,"[',', '.', '/']",1.0,,,,,
117,,html-keyboard-response,117,130656,0.0-3.0-97.0,,<div class = centerbox><div class = fixation>+</div></div>,,test_ITI,1298.9075069294954,,test,0.0,1298.9075069294954,,,,,,,"{'min': 0, 'max': 5, 'mean': 0.5}",,,,
118,,html-keyboard-response,118,131160,0.0-3.0-98.0,,"<div class=""centerbox""><div class=""fixation"">+</div></div>",,test_fixation,500.0,,test,0.0,500.0,,,,,,,,,,,
119,,html-keyboard-response,119,132664,0.0-3.0-99.0,570.0,"<div class = centerbox><div class = stroop-stim style = ""color:#FF7070"">red</div></div>",",",test_trial,1500.0,,test,0.0,1000.0,congruent,red,red,",","[',', '.', '/']",1.0,,,,,
120,,html-keyboard-response,120,133044,0.0-3.0-100.0,,<div class = centerbox><div class = fixation>+</div></div>,,test_ITI,373.93321641500467,,test,0.0,373.93321641500467,,,,,,,"{'min': 0, 'max': 5, 'mean': 0.5}",,,,
121,,html-keyboard-response,121,133548,0.0-3.0-101.0,,"<div class=""centerbox""><div class=""fixation"">+</div></div>",,test_fixation,500.0,,test,0.0,500.0,,,,,,,,,,,
122,,html-keyboard-response,122,135053,0.0-3.0-102.0,482.0,"<div class = centerbox><div class = stroop-stim style = ""color:#FF7070"">blue</div></div>",",",test_trial,1500.0,,test,0.0,1000.0,incongruent,red,blue,",","[',', '.', '/']",1.0,,,,,
123,,html-keyboard-response,123,135203,0.0-3.0-103.0,,<div class = centerbox><div class = fixation>+</div></div>,,test_ITI,143.9627675762282,,test,0.0,143.9627675762282,,,,,,,"{'min': 0, 'max': 5, 'mean': 0.5}",,,,
124,,html-keyboard-response,124,135706,0.0-3.0-104.0,,"<div class=""centerbox""><div class=""fixation"">+</div></div>",,test_fixation,500.0,,test,0.0,500.0,,,,,,,,,,,
125,,html-keyboard-response,125,137213,0.0-3.0-105.0,441.0,"<div class = centerbox><div class = stroop-stim style = ""color:#70FF70"">green</div></div>",/,test_trial,1500.0,,test,0.0,1000.0,congruent,green,green,/,"[',', '.', '/']",1.0,,,,,
126,,html-keyboard-response,126,137565,0.0-3.0-106.0,,<div class = centerbox><div class = fixation>+</div></div>,,test_ITI,347.8547363637644,,test,0.0,347.8547363637644,,,,,,,"{'min': 0, 'max': 5, 'mean': 0.5}",,,,
127,,html-keyboard-response,127,138069,0.0-3.0-107.0,,"<div class=""centerbox""><div class=""fixation"">+</div></div>",,test_fixation,500.0,,test,0.0,500.0,,,,,,,,,,,
128,,html-keyboard-response,128,139576,0.0-3.0-108.0,448.0,"<div class = centerbox><div class = stroop-stim style = ""color:#7070FF"">blue</div></div>",.,test_trial,1500.0,,test,0.0,1000.0,congruent,blue,blue,.,"[',', '.', '/']",1.0,,,,,
129,,html-keyboard-response,129,140180,0.0-3.0-109.0,,<div class = centerbox><div class = fixation>+</div></div>,,test_ITI,598.3971782419903,,test,0.0,598.3971782419903,,,,,,,"{'min': 0, 'max': 5, 'mean': 0.5}",,,,
130,,html-keyboard-response,130,140684,0.0-3.0-110.0,,"<div class=""centerbox""><div class=""fixation"">+</div></div>",,test_fixation,500.0,,test,0.0,500.0,,,,,,,,,,,
131,,html-keyboard-response,131,142191,0.0-3.0-111.0,587.0,"<div class = centerbox><div class = stroop-stim style = ""color:#70FF70"">blue</div></div>",/,test_trial,1500.0,,test,0.0,1000.0,incongruent,green,blue,/,"[',', '.', '/']",1.0,,,,,
132,,html-keyboard-response,132,142450,0.0-3.0-112.0,,<div class = centerbox><div class = fixation>+</div></div>,,test_ITI,253.4935688918735,,test,0.0,253.4935688918735,,,,,,,"{'min': 0, 'max': 5, 'mean': 0.5}",,,,
133,,html-keyboard-response,133,142954,0.0-3.0-113.0,,"<div class=""centerbox""><div class=""fixation"">+</div></div>",,test_fixation,500.0,,test,0.0,500.0,,,,,,,,,,,
134,,html-keyboard-response,134,144461,0.0-3.0-114.0,373.0,"<div class = centerbox><div class = stroop-stim style = ""color:#70FF70"">green</div></div>",/,test_trial,1500.0,,test,0.0,1000.0,incongruent,green,green,/,"[',', '.', '/']",1.0,,,,,
135,,html-keyboard-response,135,144854,0.0-3.0-115.0,,<div class = centerbox><div class = fixation>+</div></div>,,test_ITI,391.71416590231513,,test,0.0,391.71416590231513,,,,,,,"{'min': 0, 'max': 5, 'mean': 0.5}",,,,
136,,html-keyboard-response,136,145360,0.0-3.0-116.0,,"<div class=""centerbox""><div class=""fixation"">+</div></div>",,test_fixation,500.0,,test,0.0,500.0,,,,,,,,,,,
137,,html-keyboard-response,137,146864,0.0-3.0-117.0,426.0,"<div class = centerbox><div class = stroop-stim style = ""color:#FF7070"">red</div></div>",",",test_trial,1500.0,,test,0.0,1000.0,congruent,red,red,",","[',', '.', '/']",1.0,,,,,
138,,html-keyboard-response,138,148686,0.0-3.0-118.0,,<div class = centerbox><div class = fixation>+</div></div>,,test_ITI,1816.8759147061298,,test,0.0,1816.8759147061298,,,,,,,"{'min': 0, 'max': 5, 'mean': 0.5}",,,,
139,,html-keyboard-response,139,149190,0.0-3.0-119.0,,"<div class=""centerbox""><div class=""fixation"">+</div></div>",,test_fixation,500.0,,test,0.0,500.0,,,,,,,,,,,
140,,html-keyboard-response,140,150697,0.0-3.0-120.0,477.0,"<div class = centerbox><div class = stroop-stim style = ""color:#7070FF"">blue</div></div>",/,test_trial,1500.0,,test,0.0,1000.0,congruent,blue,blue,.,"[',', '.', '/']",0.0,,,,,
141,,html-keyboard-response,141,151145,0.0-3.0-121.0,,<div class = centerbox><div class = fixation>+</div></div>,,test_ITI,444.28784896496154,,test,0.0,444.28784896496154,,,,,,,"{'min': 0, 'max': 5, 'mean': 0.5}",,,,
142,,html-keyboard-response,142,152755,0.0-3.1-0.1,1608.0,"<div class = bigbox><div class = picture_box><p class = block-text>
    <div class = centerbox><p class = block-text>Please take this time to read your feedback! This screen will advance automatically in 1 minute.</p><p class=block-text>You have completed 1 out of 3 blocks of trials.</p><p class = block-text>No feedback on this block.</p><p class=block-text>Press <i>enter</i> to continue.</p></div>
    </font></p></div></div>",enter,test_feedback,60000.0,,test,1.0,,,,,,,,,,,,
143,,html-keyboard-response,143,155387,0.0-3.1-1.1-0.1,1624.0,,a,test_attention_check,,,test,1.0,,,,,,,1.0,,<p class='block-text'>Press the key for the first letter of the English alphabet.</p> <div class=block-text>This screen will advance automatically in 1 minute.</div>,65.0,,
144,,html-keyboard-response,144,155892,0.0-3.1-2.1,,"<div class=""centerbox""><div class=""fixation"">+</div></div>",,test_fixation,500.0,,test,1.0,500.0,,,,,,,,,,,
145,,html-keyboard-response,145,157399,0.0-3.1-3.1,896.0,"<div class = centerbox><div class = stroop-stim style = ""color:#7070FF"">red</div></div>",.,test_trial,1500.0,,test,1.0,1000.0,incongruent,blue,red,.,"[',', '.', '/']",1.0,,,,,
146,,html-keyboard-response,146,158872,0.0-3.1-4.1,,<div class = centerbox><div class = fixation>+</div></div>,,test_ITI,1466.040205934773,,test,1.0,1466.040205934773,,,,,,,"{'min': 0, 'max': 5, 'mean': 0.5}",,,,
147,,html-keyboard-response,147,159379,0.0-3.1-5.1,,"<div class=""centerbox""><div class=""fixation"">+</div></div>",,test_fixation,500.0,,test,1.0,500.0,,,,,,,,,,,
148,,html-keyboard-response,148,160883,0.0-3.1-6.1,586.0,"<div class = centerbox><div class = stroop-stim style = ""color:#70FF70"">green</div></div>",/,test_trial,1500.0,,test,1.0,1000.0,congruent,green,green,/,"[',', '.', '/']",1.0,,,,,
149,,html-keyboard-response,149,161547,0.0-3.1-7.1,,<div class = centerbox><div class = fixation>+</div></div>,,test_ITI,657.3398666310443,,test,1.0,657.3398666310443,,,,,,,"{'min': 0, 'max': 5, 'mean': 0.5}",,,,
150,,html-keyboard-response,150,162050,0.0-3.1-8.1,,"<div class=""centerbox""><div class=""fixation"">+</div></div>",,test_fixation,500.0,,test,1.0,500.0,,,,,,,,,,,
151,,html-keyboard-response,151,163557,0.0-3.1-9.1,544.0,"<div class = centerbox><div class = stroop-stim style = ""color:#FF7070"">blue</div></div>",",",test_trial,1500.0,,test,1.0,1000.0,incongruent,red,blue,",","[',', '.', '/']",1.0,,,,,
152,,html-keyboard-response,152,163969,0.0-3.1-10.1,,<div class = centerbox><div class = fixation>+</div></div>,,test_ITI,406.9994038907211,,test,1.0,406.9994038907211,,,,,,,"{'min': 0, 'max': 5, 'mean': 0.5}",,,,
153,,html-keyboard-response,153,164473,0.0-3.1-11.1,,"<div class=""centerbox""><div class=""fixation"">+</div></div>",,test_fixation,500.0,,test,1.0,500.0,,,,,,,,,,,
154,,html-keyboard-response,154,165980,0.0-3.1-12.1,,"<div class = centerbox><div class = stroop-stim style = ""color:#70FF70"">red</div></div>",,test_trial,1500.0,,test,1.0,1000.0,incongruent,green,red,/,"[',', '.', '/']",0.0,,,,,
155,,html-keyboard-response,155,167293,0.0-3.1-13.1,,<div class = centerbox><div class = fixation>+</div></div>,,test_ITI,1306.155019119093,,test,1.0,1306.155019119093,,,,,,,"{'min': 0, 'max': 5, 'mean': 0.5}",,,,
156,,html-keyboard-response,156,167796,0.0-3.1-14.1,,"<div class=""centerbox""><div class=""fixation"">+</div></div>",,test_fixation,500.0,,test,1.0,500.0,,,,,,,,,,,
157,,html-keyboard-response,157,169302,0.0-3.1-15.1,,"<div class = centerbox><div class = stroop-stim style = ""color:#70FF70"">blue</div></div>",,test_trial,1500.0,,test,1.0,1000.0,incongruent,green,blue,/,"[',', '.', '/']",0.0,,,,,
158,,html-keyboard-response,158,169390,0.0-3.1-16.1,,<div class = centerbox><div class = fixation>+</div></div>,,test_ITI,81.929032498057,,test,1.0,81.929032498057,,,,,,,"{'min': 0, 'max': 5, 'mean': 0.5}",,,,
159,,html-keyboard-response,159,169896,0.0-3.1-17.1,,"<div class=""centerbox""><div class=""fixation"">+</div></div>",,test_fixation,500.0,,test,1.0,500.0,,,,,,,,,,,
160,,html-keyboard-response,160,171403,0.0-3.1-18.1,,"<div class = centerbox><div class = stroop-stim style = ""color:#70FF70"">green</div></div>",,test_trial,1500.0,,test,1.0,1000.0,incongruent,green,green,/,"[',', '.', '/']",0.0,,,,,
161,,html-keyboard-response,161,171512,0.0-3.1-19.1,,<div class = centerbox><div class = fixation>+</div></div>,,test_ITI,103.24457291074226,,test,1.0,103.24457291074226,,,,,,,"{'min': 0, 'max': 5, 'mean': 0.5}",,,,
162,,html-keyboard-response,162,172018,0.0-3.1-20.1,,"<div class=""centerbox""><div class=""fixation"">+</div></div>",,test_fixation,500.0,,test,1.0,500.0,,,,,,,,,,,
163,,html-keyboard-response,163,173525,0.0-3.1-21.1,,"<div class = centerbox><div class = stroop-stim style = ""color:#FF7070"">red</div></div>",,test_trial,1500.0,,test,1.0,1000.0,congruent,red,red,",","[',', '.', '/']",0.0,,,,,
164,,html-keyboard-response,164,173723,0.0-3.1-22.1,,<div class = centerbox><div class = fixation>+</div></div>,,test_ITI,191.91073957611994,,test,1.0,191.91073957611994,,,,,,,"{'min': 0, 'max': 5, 'mean': 0.5}",,,,
165,,html-keyboard-response,165,174227,0.0-3.1-23.1,,"<div class=""centerbox""><div class=""fixation"">+</div></div>",,test_fixation,500.0,,test,1.0,500.0,,,,,,,,,,,
166,,html-keyboard-response,166,175734,0.0-3.1-24.1,,"<div class = centerbox><div class = stroop-stim style = ""color:#FF7070"">green</div></div>",,test_trial,1500.0,,test,1.0,1000.0,incongruent,red,green,",","[',', '.', '/']",0.0,,,,,
167,,html-keyboard-response,167,177147,0.0-3.1-25.1,,<div class = centerbox><div class = fixation>+</div></div>,,test_ITI,1407.1625745927317,,test,1.0,1407.1625745927317,,,,,,,"{'min': 0, 'max': 5, 'mean': 0.5}",,,,
168,,html-keyboard-response,168,177653,0.0-3.1-26.1,,"<div class=""centerbox""><div class=""fixation"">+</div></div>",,test_fixation,500.0,,test,1.0,500.0,,,,,,,,,,,
169,,html-keyboard-response,169,179159,0.0-3.1-27.1,,"<div class = centerbox><div class = stroop-stim style = ""color:#FF7070"">red</div></div>",,test_trial,1500.0,,test,1.0,1000.0,incongruent,red,red,",","[',', '.', '/']",0.0,,,,,
170,,html-keyboard-response,170,180153,0.0-3.1-28.1,,<div class = centerbox><div class = fixation>+</div></div>,,test_ITI,987.6090067944795,,test,1.0,987.6090067944795,,,,,,,"{'min': 0, 'max': 5, 'mean': 0.5}",,,,
171,,html-keyboard-response,171,180656,0.0-3.1-29.1,,"<div class=""centerbox""><div class=""fixation"">+</div></div>",,test_fixation,500.0,,test,1.0,500.0,,,,,,,,,,,
172,,html-keyboard-response,172,182162,0.0-3.1-30.1,,"<div class = centerbox><div class = stroop-stim style = ""color:#7070FF"">blue</div></div>",,test_trial,1500.0,,test,1.0,1000.0,congruent,blue,blue,.,"[',', '.', '/']",0.0,,,,,
173,,html-keyboard-response,173,182205,0.0-3.1-31.1,,<div class = centerbox><div class = fixation>+</div></div>,,test_ITI,40.66669340242409,,test,1.0,40.66669340242409,,,,,,,"{'min': 0, 'max': 5, 'mean': 0.5}",,,,
174,,html-keyboard-response,174,182708,0.0-3.1-32.1,,"<div class=""centerbox""><div class=""fixation"">+</div></div>",,test_fixation,500.0,,test,1.0,500.0,,,,,,,,,,,
175,,html-keyboard-response,175,184215,0.0-3.1-33.1,,"<div class = centerbox><div class = stroop-stim style = ""color:#FF7070"">blue</div></div>",,test_trial,1500.0,,test,1.0,1000.0,incongruent,red,blue,",","[',', '.', '/']",0.0,,,,,
176,,html-keyboard-response,176,184594,0.0-3.1-34.1,,<div class = centerbox><div class = fixation>+</div></div>,,test_ITI,372.60638484715236,,test,1.0,372.60638484715236,,,,,,,"{'min': 0, 'max': 5, 'mean': 0.5}",,,,
177,,html-keyboard-response,177,185097,0.0-3.1-35.1,,"<div class=""centerbox""><div class=""fixation"">+</div></div>",,test_fixation,500.0,,test,1.0,500.0,,,,,,,,,,,
178,,html-keyboard-response,178,186603,0.0-3.1-36.1,,"<div class = centerbox><div class = stroop-stim style = ""color:#FF7070"">red</div></div>",,test_trial,1500.0,,test,1.0,1000.0,incongruent,red,red,",","[',', '.', '/']",0.0,,,,,
179,,html-keyboard-response,179,186609,0.0-3.1-37.1,,<div class = centerbox><div class = fixation>+</div></div>,,test_ITI,3.6378545430557296,,test,1.0,3.6378545430557296,,,,,,,"{'min': 0, 'max': 5, 'mean': 0.5}",,,,
180,,html-keyboard-response,180,187110,0.0-3.1-38.1,,"<div class=""centerbox""><div class=""fixation"">+</div></div>",,test_fixation,500.0,,test,1.0,500.0,,,,,,,,,,,
181,,html-keyboard-response,181,188615,0.0-3.1-39.1,,"<div class = centerbox><div class = stroop-stim style = ""color:#70FF70"">green</div></div>",,test_trial,1500.0,,test,1.0,1000.0,incongruent,green,green,/,"[',', '.', '/']",0.0,,,,,
182,,html-keyboard-response,182,188898,0.0-3.1-40.1,,<div class = centerbox><div class = fixation>+</div></div>,,test_ITI,282.3820743600734,,test,1.0,282.3820743600734,,,,,,,"{'min': 0, 'max': 5, 'mean': 0.5}",,,,
183,,html-keyboard-response,183,189401,0.0-3.1-41.1,,"<div class=""centerbox""><div class=""fixation"">+</div></div>",,test_fixation,500.0,,test,1.0,500.0,,,,,,,,,,,
184,,html-keyboard-response,184,190908,0.0-3.1-42.1,,"<div class = centerbox><div class = stroop-stim style = ""color:#70FF70"">green</div></div>",,test_trial,1500.0,,test,1.0,1000.0,incongruent,green,green,/,"[',', '.', '/']",0.0,,,,,
185,,html-keyboard-response,185,190964,0.0-3.1-43.1,,<div class = centerbox><div class = fixation>+</div></div>,,test_ITI,49.13838685622518,,test,1.0,49.13838685622518,,,,,,,"{'min': 0, 'max': 5, 'mean': 0.5}",,,,
186,,html-keyboard-response,186,191466,0.0-3.1-44.1,,"<div class=""centerbox""><div class=""fixation"">+</div></div>",,test_fixation,500.0,,test,1.0,500.0,,,,,,,,,,,
187,,html-keyboard-response,187,192973,0.0-3.1-45.1,,"<div class = centerbox><div class = stroop-stim style = ""color:#7070FF"">blue</div></div>",,test_trial,1500.0,,test,1.0,1000.0,congruent,blue,blue,.,"[',', '.', '/']",0.0,,,,,
188,,html-keyboard-response,188,193175,0.0-3.1-46.1,,<div class = centerbox><div class = fixation>+</div></div>,,test_ITI,197.55927645627676,,test,1.0,197.55927645627676,,,,,,,"{'min': 0, 'max': 5, 'mean': 0.5}",,,,
189,,html-keyboard-response,189,193679,0.0-3.1-47.1,,"<div class=""centerbox""><div class=""fixation"">+</div></div>",,test_fixation,500.0,,test,1.0,500.0,,,,,,,,,,,
190,,html-keyboard-response,190,195185,0.0-3.1-48.1,,"<div class = centerbox><div class = stroop-stim style = ""color:#70FF70"">green</div></div>",,test_trial,1500.0,,test,1.0,1000.0,congruent,green,green,/,"[',', '.', '/']",0.0,,,,,
191,,html-keyboard-response,191,195419,0.0-3.1-49.1,,<div class = centerbox><div class = fixation>+</div></div>,,test_ITI,228.55552090459383,,test,1.0,228.55552090459383,,,,,,,"{'min': 0, 'max': 5, 'mean': 0.5}",,,,
192,,html-keyboard-response,192,195922,0.0-3.1-50.1,,"<div class=""centerbox""><div class=""fixation"">+</div></div>",,test_fixation,500.0,,test,1.0,500.0,,,,,,,,,,,
193,,html-keyboard-response,193,197429,0.0-3.1-51.1,,"<div class = centerbox><div class = stroop-stim style = ""color:#7070FF"">red</div></div>",,test_trial,1500.0,,test,1.0,1000.0,incongruent,blue,red,.,"[',', '.', '/']",0.0,,,,,
194,,html-keyboard-response,194,198572,0.0-3.1-52.1,,<div class = centerbox><div class = fixation>+</div></div>,,test_ITI,1137.4042733481324,,test,1.0,1137.4042733481324,,,,,,,"{'min': 0, 'max': 5, 'mean': 0.5}",,,,
195,,html-keyboard-response,195,199075,0.0-3.1-53.1,,"<div class=""centerbox""><div class=""fixation"">+</div></div>",,test_fixation,500.0,,test,1.0,500.0,,,,,,,,,,,
196,,html-keyboard-response,196,200581,0.0-3.1-54.1,,"<div class = centerbox><div class = stroop-stim style = ""color:#70FF70"">green</div></div>",,test_trial,1500.0,,test,1.0,1000.0,congruent,green,green,/,"[',', '.', '/']",0.0,,,,,
197,,html-keyboard-response,197,201727,0.0-3.1-55.1,,<div class = centerbox><div class = fixation>+</div></div>,,test_ITI,1139.5180071360924,,test,1.0,1139.5180071360924,,,,,,,"{'min': 0, 'max': 5, 'mean': 0.5}",,,,
198,,html-keyboard-response,198,202231,0.0-3.1-56.1,,"<div class=""centerbox""><div class=""fixation"">+</div></div>",,test_fixation,500.0,,test,1.0,500.0,,,,,,,,,,,
199,,html-keyboard-response,199,203738,0.0-3.1-57.1,,"<div class = centerbox><div class = stroop-stim style = ""color:#70FF70"">blue</div></div>",,test_trial,1500.0,,test,1.0,1000.0,incongruent,green,blue,/,"[',', '.', '/']",0.0,,,,,
200,,html-keyboard-response,200,204330,0.0-3.1-58.1,,<div class = centerbox><div class = fixation>+</div></div>,,test_ITI,586.3764209937874,,test,1.0,586.3764209937874,,,,,,,"{'min': 0, 'max': 5, 'mean': 0.5}",,,,
201,,html-keyboard-response,201,204832,0.0-3.1-59.1,,"<div class=""centerbox""><div class=""fixation"">+</div></div>",,test_fixation,500.0,,test,1.0,500.0,,,,,,,,,,,
202,,html-keyboard-response,202,206339,0.0-3.1-60.1,,"<div class = centerbox><div class = stroop-stim style = ""color:#70FF70"">blue</div></div>",,test_trial,1500.0,,test,1.0,1000.0,incongruent,green,blue,/,"[',', '.', '/']",0.0,,,,,
203,,html-keyboard-response,203,206907,0.0-3.1-61.1,,<div class = centerbox><div class = fixation>+</div></div>,,test_ITI,564.4274679345733,,test,1.0,564.4274679345733,,,,,,,"{'min': 0, 'max': 5, 'mean': 0.5}",,,,
204,,html-keyboard-response,204,207409,0.0-3.1-62.1,,"<div class=""centerbox""><div class=""fixation"">+</div></div>",,test_fixation,500.0,,test,1.0,500.0,,,,,,,,,,,
205,,html-keyboard-response,205,208916,0.0-3.1-63.1,,"<div class = centerbox><div class = stroop-stim style = ""color:#7070FF"">red</div></div>",,test_trial,1500.0,,test,1.0,1000.0,incongruent,blue,red,.,"[',', '.', '/']",0.0,,,,,
206,,html-keyboard-response,206,209073,0.0-3.1-64.1,,<div class = centerbox><div class = fixation>+</div></div>,,test_ITI,150.25173759684594,,test,1.0,150.25173759684594,,,,,,,"{'min': 0, 'max': 5, 'mean': 0.5}",,,,
207,,html-keyboard-response,207,209579,0.0-3.1-65.1,,"<div class=""centerbox""><div class=""fixation"">+</div></div>",,test_fixation,500.0,,test,1.0,500.0,,,,,,,,,,,
208,,html-keyboard-response,208,211085,0.0-3.1-66.1,,"<div class = centerbox><div class = stroop-stim style = ""color:#7070FF"">green</div></div>",,test_trial,1500.0,,test,1.0,1000.0,incongruent,blue,green,.,"[',', '.', '/']",0.0,,,,,
209,,html-keyboard-response,209,211109,0.0-3.1-67.1,,<div class = centerbox><div class = fixation>+</div></div>,,test_ITI,20.307853142875768,,test,1.0,20.307853142875768,,,,,,,"{'min': 0, 'max': 5, 'mean': 0.5}",,,,
210,,html-keyboard-response,210,211611,0.0-3.1-68.1,,"<div class=""centerbox""><div class=""fixation"">+</div></div>",,test_fixation,500.0,,test,1.0,500.0,,,,,,,,,,,
211,,html-keyboard-response,211,213115,0.0-3.1-69.1,,"<div class = centerbox><div class = stroop-stim style = ""color:#70FF70"">red</div></div>",,test_trial,1500.0,,test,1.0,1000.0,incongruent,green,red,/,"[',', '.', '/']",0.0,,,,,
212,,html-keyboard-response,212,213412,0.0-3.1-70.1,,<div class = centerbox><div class = fixation>+</div></div>,,test_ITI,292.0250747011585,,test,1.0,292.0250747011585,,,,,,,"{'min': 0, 'max': 5, 'mean': 0.5}",,,,
213,,html-keyboard-response,213,213915,0.0-3.1-71.1,,"<div class=""centerbox""><div class=""fixation"">+</div></div>",,test_fixation,500.0,,test,1.0,500.0,,,,,,,,,,,
214,,html-keyboard-response,214,215423,0.0-3.1-72.1,,"<div class = centerbox><div class = stroop-stim style = ""color:#7070FF"">blue</div></div>",,test_trial,1500.0,,test,1.0,1000.0,incongruent,blue,blue,.,"[',', '.', '/']",0.0,,,,,
215,,html-keyboard-response,215,216577,0.0-3.1-73.1,,<div class = centerbox><div class = fixation>+</div></div>,,test_ITI,1148.1561218650625,,test,1.0,1148.1561218650625,,,,,,,"{'min': 0, 'max': 5, 'mean': 0.5}",,,,
216,,html-keyboard-response,216,217081,0.0-3.1-74.1,,"<div class=""centerbox""><div class=""fixation"">+</div></div>",,test_fixation,500.0,,test,1.0,500.0,,,,,,,,,,,
217,,html-keyboard-response,217,218588,0.0-3.1-75.1,,"<div class = centerbox><div class = stroop-stim style = ""color:#7070FF"">green</div></div>",,test_trial,1500.0,,test,1.0,1000.0,incongruent,blue,green,.,"[',', '.', '/']",0.0,,,,,
218,,html-keyboard-response,218,219059,0.0-3.1-76.1,,<div class = centerbox><div class = fixation>+</div></div>,,test_ITI,465.8939851360373,,test,1.0,465.8939851360373,,,,,,,"{'min': 0, 'max': 5, 'mean': 0.5}",,,,
219,,html-keyboard-response,219,219564,0.0-3.1-77.1,,"<div class=""centerbox""><div class=""fixation"">+</div></div>",,test_fixation,500.0,,test,1.0,500.0,,,,,,,,,,,
220,,html-keyboard-response,220,221070,0.0-3.1-78.1,,"<div class = centerbox><div class = stroop-stim style = ""color:#FF7070"">red</div></div>",,test_trial,1500.0,,test,1.0,1000.0,congruent,red,red,",","[',', '.', '/']",0.0,,,,,
221,,html-keyboard-response,221,221603,0.0-3.1-79.1,,<div class = centerbox><div class = fixation>+</div></div>,,test_ITI,526.9596343687753,,test,1.0,526.9596343687753,,,,,,,"{'min': 0, 'max': 5, 'mean': 0.5}",,,,
222,,html-keyboard-response,222,222106,0.0-3.1-80.1,,"<div class=""centerbox""><div class=""fixation"">+</div></div>",,test_fixation,500.0,,test,1.0,500.0,,,,,,,,,,,
223,,html-keyboard-response,223,223613,0.0-3.1-81.1,,"<div class = centerbox><div class = stroop-stim style = ""color:#70FF70"">green</div></div>",,test_trial,1500.0,,test,1.0,1000.0,congruent,green,green,/,"[',', '.', '/']",0.0,,,,,
224,,html-keyboard-response,224,224239,0.0-3.1-82.1,,<div class = centerbox><div class = fixation>+</div></div>,,test_ITI,620.7959500184417,,test,1.0,620.7959500184417,,,,,,,"{'min': 0, 'max': 5, 'mean': 0.5}",,,,
225,,html-keyboard-response,225,224742,0.0-3.1-83.1,,"<div class=""centerbox""><div class=""fixation"">+</div></div>",,test_fixation,500.0,,test,1.0,500.0,,,,,,,,,,,
226,,html-keyboard-response,226,226245,0.0-3.1-84.1,,"<div class = centerbox><div class = stroop-stim style = ""color:#FF7070"">green</div></div>",,test_trial,1500.0,,test,1.0,1000.0,incongruent,red,green,",","[',', '.', '/']",0.0,,,,,
227,,html-keyboard-response,227,226684,0.0-3.1-85.1,,<div class = centerbox><div class = fixation>+</div></div>,,test_ITI,437.58130661498006,,test,1.0,437.58130661498006,,,,,,,"{'min': 0, 'max': 5, 'mean': 0.5}",,,,
228,,html-keyboard-response,228,227188,0.0-3.1-86.1,,"<div class=""centerbox""><div class=""fixation"">+</div></div>",,test_fixation,500.0,,test,1.0,500.0,,,,,,,,,,,
229,,html-keyboard-response,229,228695,0.0-3.1-87.1,,"<div class = centerbox><div class = stroop-stim style = ""color:#70FF70"">green</div></div>",,test_trial,1500.0,,test,1.0,1000.0,congruent,green,green,/,"[',', '.', '/']",0.0,,,,,
230,,html-keyboard-response,230,228808,0.0-3.1-88.1,,<div class = centerbox><div class = fixation>+</div></div>,,test_ITI,106.70707811146666,,test,1.0,106.70707811146666,,,,,,,"{'min': 0, 'max': 5, 'mean': 0.5}",,,,
231,,html-keyboard-response,231,229311,0.0-3.1-89.1,,"<div class=""centerbox""><div class=""fixation"">+</div></div>",,test_fixation,500.0,,test,1.0,500.0,,,,,,,,,,,
232,,html-keyboard-response,232,230817,0.0-3.1-90.1,,"<div class = centerbox><div class = stroop-stim style = ""color:#FF7070"">red</div></div>",,test_trial,1500.0,,test,1.0,1000.0,congruent,red,red,",","[',', '.', '/']",0.0,,,,,
233,,html-keyboard-response,233,231410,0.0-3.1-91.1,,<div class = centerbox><div class = fixation>+</div></div>,,test_ITI,586.8774424918823,,test,1.0,586.8774424918823,,,,,,,"{'min': 0, 'max': 5, 'mean': 0.5}",,,,
234,,html-keyboard-response,234,231914,0.0-3.1-92.1,,"<div class=""centerbox""><div class=""fixation"">+</div></div>",,test_fixation,500.0,,test,1.0,500.0,,,,,,,,,,,
235,,html-keyboard-response,235,233421,0.0-3.1-93.1,,"<div class = centerbox><div class = stroop-stim style = ""color:#7070FF"">blue</div></div>",,test_trial,1500.0,,test,1.0,1000.0,congruent,blue,blue,.,"[',', '.', '/']",0.0,,,,,
236,,html-keyboard-response,236,234027,0.0-3.1-94.1,,<div class = centerbox><div class = fixation>+</div></div>,,test_ITI,600.7542245084089,,test,1.0,600.7542245084089,,,,,,,"{'min': 0, 'max': 5, 'mean': 0.5}",,,,
237,,html-keyboard-response,237,234533,0.0-3.1-95.1,,"<div class=""centerbox""><div class=""fixation"">+</div></div>",,test_fixation,500.0,,test,1.0,500.0,,,,,,,,,,,
238,,html-keyboard-response,238,236040,0.0-3.1-96.1,,"<div class = centerbox><div class = stroop-stim style = ""color:#FF7070"">red</div></div>",,test_trial,1500.0,,test,1.0,1000.0,incongruent,red,red,",","[',', '.', '/']",0.0,,,,,
239,,html-keyboard-response,239,236193,0.0-3.1-97.1,,<div class = centerbox><div class = fixation>+</div></div>,,test_ITI,147.9634933049373,,test,1.0,147.9634933049373,,,,,,,"{'min': 0, 'max': 5, 'mean': 0.5}",,,,
240,,html-keyboard-response,240,236696,0.0-3.1-98.1,,"<div class=""centerbox""><div class=""fixation"">+</div></div>",,test_fixation,500.0,,test,1.0,500.0,,,,,,,,,,,
241,,html-keyboard-response,241,238200,0.0-3.1-99.1,,"<div class = centerbox><div class = stroop-stim style = ""color:#FF7070"">blue</div></div>",,test_trial,1500.0,,test,1.0,1000.0,incongruent,red,blue,",","[',', '.', '/']",0.0,,,,,
242,,html-keyboard-response,242,238378,0.0-3.1-100.1,,<div class = centerbox><div class = fixation>+</div></div>,,test_ITI,174.6019309209451,,test,1.0,174.6019309209451,,,,,,,"{'min': 0, 'max': 5, 'mean': 0.5}",,,,
243,,html-keyboard-response,243,238881,0.0-3.1-101.1,,"<div class=""centerbox""><div class=""fixation"">+</div></div>",,test_fixation,500.0,,test,1.0,500.0,,,,,,,,,,,
244,,html-keyboard-response,244,240387,0.0-3.1-102.1,,"<div class = centerbox><div class = stroop-stim style = ""color:#7070FF"">green</div></div>",,test_trial,1500.0,,test,1.0,1000.0,incongruent,blue,green,.,"[',', '.', '/']",0.0,,,,,
245,,html-keyboard-response,245,241880,0.0-3.1-103.1,,<div class = centerbox><div class = fixation>+</div></div>,,test_ITI,1486.1670366722988,,test,1.0,1486.1670366722988,,,,,,,"{'min': 0, 'max': 5, 'mean': 0.5}",,,,
246,,html-keyboard-response,246,242383,0.0-3.1-104.1,,"<div class=""centerbox""><div class=""fixation"">+</div></div>",,test_fixation,500.0,,test,1.0,500.0,,,,,,,,,,,
247,,html-keyboard-response,247,243889,0.0-3.1-105.1,768.0,"<div class = centerbox><div class = stroop-stim style = ""color:#70FF70"">red</div></div>",/,test_trial,1500.0,,test,1.0,1000.0,incongruent,green,red,/,"[',', '.', '/']",1.0,,,,,
248,,html-keyboard-response,248,244515,0.0-3.1-106.1,,<div class = centerbox><div class = fixation>+</div></div>,,test_ITI,619.8100929157871,,test,1.0,619.8100929157871,,,,,,,"{'min': 0, 'max': 5, 'mean': 0.5}",,,,
249,,html-keyboard-response,249,245019,0.0-3.1-107.1,,"<div class=""centerbox""><div class=""fixation"">+</div></div>",,test_fixation,500.0,,test,1.0,500.0,,,,,,,,,,,
250,,html-keyboard-response,250,246526,0.0-3.1-108.1,507.0,"<div class = centerbox><div class = stroop-stim style = ""color:#7070FF"">blue</div></div>",.,test_trial,1500.0,,test,1.0,1000.0,incongruent,blue,blue,.,"[',', '.', '/']",1.0,,,,,
251,,html-keyboard-response,251,247133,0.0-3.1-109.1,,<div class = centerbox><div class = fixation>+</div></div>,,test_ITI,600.6634131273473,,test,1.0,600.6634131273473,,,,,,,"{'min': 0, 'max': 5, 'mean': 0.5}",,,,
252,,html-keyboard-response,252,247638,0.0-3.1-110.1,,"<div class=""centerbox""><div class=""fixation"">+</div></div>",,test_fixation,500.0,,test,1.0,500.0,,,,,,,,,,,
253,,html-keyboard-response,253,249145,0.0-3.1-111.1,814.0,"<div class = centerbox><div class = stroop-stim style = ""color:#7070FF"">red</div></div>",.,test_trial,1500.0,,test,1.0,1000.0,incongruent,blue,red,.,"[',', '.', '/']",1.0,,,,,
254,,html-keyboard-response,254,249729,0.0-3.1-112.1,,<div class = centerbox><div class = fixation>+</div></div>,,test_ITI,578.9810308417008,,test,1.0,578.9810308417008,,,,,,,"{'min': 0, 'max': 5, 'mean': 0.5}",,,,
255,,html-keyboard-response,255,250234,0.0-3.1-113.1,,"<div class=""centerbox""><div class=""fixation"">+</div></div>",,test_fixation,500.0,,test,1.0,500.0,,,,,,,,,,,
256,,html-keyboard-response,256,251740,0.0-3.1-114.1,547.0,"<div class = centerbox><div class = stroop-stim style = ""color:#7070FF"">blue</div></div>",.,test_trial,1500.0,,test,1.0,1000.0,incongruent,blue,blue,.,"[',', '.', '/']",1.0,,,,,
257,,html-keyboard-response,257,252014,0.0-3.1-115.1,,<div class = centerbox><div class = fixation>+</div></div>,,test_ITI,268.0009234171567,,test,1.0,268.0009234171567,,,,,,,"{'min': 0, 'max': 5, 'mean': 0.5}",,,,
258,,html-keyboard-response,258,252519,0.0-3.1-116.1,,"<div class=""centerbox""><div class=""fixation"">+</div></div>",,test_fixation,500.0,,test,1.0,500.0,,,,,,,,,,,
259,,html-keyboard-response,259,254027,0.0-3.1-117.1,446.0,"<div class = centerbox><div class = stroop-stim style = ""color:#FF7070"">red</div></div>",",",test_trial,1500.0,,test,1.0,1000.0,incongruent,red,red,",","[',', '.', '/']",1.0,,,,,
260,,html-keyboard-response,260,254102,0.0-3.1-118.1,,<div class = centerbox><div class = fixation>+</div></div>,,test_ITI,70.9180149415834,,test,1.0,70.9180149415834,,,,,,,"{'min': 0, 'max': 5, 'mean': 0.5}",,,,
261,,html-keyboard-response,261,254606,0.0-3.1-119.1,,"<div class=""centerbox""><div class=""fixation"">+</div></div>",,test_fixation,500.0,,test,1.0,500.0,,,,,,,,,,,
262,,html-keyboard-response,262,256113,0.0-3.1-120.1,481.0,"<div class = centerbox><div class = stroop-stim style = ""color:#70FF70"">green</div></div>",/,test_trial,1500.0,,test,1.0,1000.0,congruent,green,green,/,"[',', '.', '/']",1.0,,,,,
263,,html-keyboard-response,263,257264,0.0-3.1-121.1,,<div class = centerbox><div class = fixation>+</div></div>,,test_ITI,1145.9451898675516,,test,1.0,1145.9451898675516,,,,,,,"{'min': 0, 'max': 5, 'mean': 0.5}",,,,
264,,html-keyboard-response,264,260582,0.0-3.2-0.2,3316.0,"<div class = bigbox><div class = picture_box><p class = block-text>
    <div class = centerbox><p class = block-text>Please take this time to read your feedback! This screen will advance automatically in 1 minute.</p><p class=block-text>You have completed 2 out of 3 blocks of trials.</p>
          <p class=""block-text"">Your accuracy is low. Remember:</p>
          
  <ul class=""list-text"">
    <li><span class=""large"" style=""color:#FF7070"">index finger</span></li>
    <li><span class=""large"" style=""color:#7070FF"">middle finger</span></li>
    <li><span class=""large"" style=""color:#70FF70"">ring finger</span></li>
  </ul>
          <p class=""block-text"">You have not been responding to some trials. Please respond on every trial that requires a response.</p><p class=block-text>Press <i>enter</i> to continue.</p></div>
    </font></p></div></div>",enter,test_feedback,60000.0,,test,2.0,,,,,,,,,,,,
265,,html-keyboard-response,265,262616,0.0-3.2-1.2-0.2,1029.0,,t,test_attention_check,,,test,2.0,,,,,,,1.0,,<p class='block-text'>Press the T key</p> <div class=block-text>This screen will advance automatically in 1 minute.</div>,84.0,,
266,,html-keyboard-response,266,263120,0.0-3.2-2.2,,"<div class=""centerbox""><div class=""fixation"">+</div></div>",,test_fixation,500.0,,test,2.0,500.0,,,,,,,,,,,
267,,html-keyboard-response,267,264625,0.0-3.2-3.2,724.0,"<div class = centerbox><div class = stroop-stim style = ""color:#7070FF"">blue</div></div>",/,test_trial,1500.0,,test,2.0,1000.0,congruent,blue,blue,.,"[',', '.', '/']",0.0,,,,,
268,,html-keyboard-response,268,265171,0.0-3.2-4.2,,<div class = centerbox><div class = fixation>+</div></div>,,test_ITI,542.671781505214,,test,2.0,542.671781505214,,,,,,,"{'min': 0, 'max': 5, 'mean': 0.5}",,,,
269,,html-keyboard-response,269,265673,0.0-3.2-5.2,,"<div class=""centerbox""><div class=""fixation"">+</div></div>",,test_fixation,500.0,,test,2.0,500.0,,,,,,,,,,,
270,,html-keyboard-response,270,267180,0.0-3.2-6.2,,"<div class = centerbox><div class = stroop-stim style = ""color:#70FF70"">green</div></div>",,test_trial,1500.0,,test,2.0,1000.0,congruent,green,green,/,"[',', '.', '/']",0.0,,,,,
271,,html-keyboard-response,271,267631,0.0-3.2-7.2,,<div class = centerbox><div class = fixation>+</div></div>,,test_ITI,448.65456157901593,,test,2.0,448.65456157901593,,,,,,,"{'min': 0, 'max': 5, 'mean': 0.5}",,,,
272,,html-keyboard-response,272,268138,0.0-3.2-8.2,,"<div class=""centerbox""><div class=""fixation"">+</div></div>",,test_fixation,500.0,,test,2.0,500.0,,,,,,,,,,,
273,,html-keyboard-response,273,269644,0.0-3.2-9.2,759.0,"<div class = centerbox><div class = stroop-stim style = ""color:#7070FF"">green</div></div>",.,test_trial,1500.0,,test,2.0,1000.0,incongruent,blue,green,.,"[',', '.', '/']",1.0,,,,,
274,,html-keyboard-response,274,270976,0.0-3.2-10.2,,<div class = centerbox><div class = fixation>+</div></div>,,test_ITI,1326.7774780645345,,test,2.0,1326.7774780645345,,,,,,,"{'min': 0, 'max': 5, 'mean': 0.5}",,,,
275,,html-keyboard-response,275,271480,0.0-3.2-11.2,,"<div class=""centerbox""><div class=""fixation"">+</div></div>",,test_fixation,500.0,,test,2.0,500.0,,,,,,,,,,,
276,,html-keyboard-response,276,272984,0.0-3.2-12.2,477.0,"<div class = centerbox><div class = stroop-stim style = ""color:#7070FF"">green</div></div>",.,test_trial,1500.0,,test,2.0,1000.0,incongruent,blue,green,.,"[',', '.', '/']",1.0,,,,,
277,,html-keyboard-response,277,273209,0.0-3.2-13.2,,<div class = centerbox><div class = fixation>+</div></div>,,test_ITI,223.31813679897502,,test,2.0,223.31813679897502,,,,,,,"{'min': 0, 'max': 5, 'mean': 0.5}",,,,
278,,html-keyboard-response,278,273713,0.0-3.2-14.2,,"<div class=""centerbox""><div class=""fixation"">+</div></div>",,test_fixation,500.0,,test,2.0,500.0,,,,,,,,,,,
279,,html-keyboard-response,279,275220,0.0-3.2-15.2,,"<div class = centerbox><div class = stroop-stim style = ""color:#7070FF"">red</div></div>",,test_trial,1500.0,,test,2.0,1000.0,incongruent,blue,red,.,"[',', '.', '/']",0.0,,,,,
280,,html-keyboard-response,280,275270,0.0-3.2-16.2,,<div class = centerbox><div class = fixation>+</div></div>,,test_ITI,48.70135205692295,,test,2.0,48.70135205692295,,,,,,,"{'min': 0, 'max': 5, 'mean': 0.5}",,,,
281,,html-keyboard-response,281,275777,0.0-3.2-17.2,,"<div class=""centerbox""><div class=""fixation"">+</div></div>",,test_fixation,500.0,,test,2.0,500.0,,,,,,,,,,,
282,,html-keyboard-response,282,277284,0.0-3.2-18.2,,"<div class = centerbox><div class = stroop-stim style = ""color:#70FF70"">green</div></div>",,test_trial,1500.0,,test,2.0,1000.0,incongruent,green,green,/,"[',', '.', '/']",0.0,,,,,
283,,html-keyboard-response,283,277320,0.0-3.2-19.2,,<div class = centerbox><div class = fixation>+</div></div>,,test_ITI,30.633163436789825,,test,2.0,30.633163436789825,,,,,,,"{'min': 0, 'max': 5, 'mean': 0.5}",,,,
284,,html-keyboard-response,284,277822,0.0-3.2-20.2,,"<div class=""centerbox""><div class=""fixation"">+</div></div>",,test_fixation,500.0,,test,2.0,500.0,,,,,,,,,,,
285,,html-keyboard-response,285,279328,0.0-3.2-21.2,,"<div class = centerbox><div class = stroop-stim style = ""color:#70FF70"">green</div></div>",,test_trial,1500.0,,test,2.0,1000.0,incongruent,green,green,/,"[',', '.', '/']",0.0,,,,,
286,,html-keyboard-response,286,279996,0.0-3.2-22.2,,<div class = centerbox><div class = fixation>+</div></div>,,test_ITI,662.2290673040083,,test,2.0,662.2290673040083,,,,,,,"{'min': 0, 'max': 5, 'mean': 0.5}",,,,
287,,html-keyboard-response,287,280501,0.0-3.2-23.2,,"<div class=""centerbox""><div class=""fixation"">+</div></div>",,test_fixation,500.0,,test,2.0,500.0,,,,,,,,,,,
288,,html-keyboard-response,288,282008,0.0-3.2-24.2,,"<div class = centerbox><div class = stroop-stim style = ""color:#70FF70"">blue</div></div>",,test_trial,1500.0,,test,2.0,1000.0,incongruent,green,blue,/,"[',', '.', '/']",0.0,,,,,
289,,html-keyboard-response,289,282277,0.0-3.2-25.2,,<div class = centerbox><div class = fixation>+</div></div>,,test_ITI,263.2666517562939,,test,2.0,263.2666517562939,,,,,,,"{'min': 0, 'max': 5, 'mean': 0.5}",,,,
290,,html-keyboard-response,290,282782,0.0-3.2-26.2,,"<div class=""centerbox""><div class=""fixation"">+</div></div>",,test_fixation,500.0,,test,2.0,500.0,,,,,,,,,,,
291,,html-keyboard-response,291,284287,0.0-3.2-27.2,,"<div class = centerbox><div class = stroop-stim style = ""color:#FF7070"">red</div></div>",,test_trial,1500.0,,test,2.0,1000.0,congruent,red,red,",","[',', '.', '/']",0.0,,,,,
292,,html-keyboard-response,292,285546,0.0-3.2-28.2,,<div class = centerbox><div class = fixation>+</div></div>,,test_ITI,1253.9871467464209,,test,2.0,1253.9871467464209,,,,,,,"{'min': 0, 'max': 5, 'mean': 0.5}",,,,
293,,html-keyboard-response,293,286048,0.0-3.2-29.2,,"<div class=""centerbox""><div class=""fixation"">+</div></div>",,test_fixation,500.0,,test,2.0,500.0,,,,,,,,,,,
294,,html-keyboard-response,294,287555,0.0-3.2-30.2,,"<div class = centerbox><div class = stroop-stim style = ""color:#70FF70"">green</div></div>",,test_trial,1500.0,,test,2.0,1000.0,incongruent,green,green,/,"[',', '.', '/']",0.0,,,,,
295,,html-keyboard-response,295,287642,0.0-3.2-31.2,,<div class = centerbox><div class = fixation>+</div></div>,,test_ITI,82.22855419248828,,test,2.0,82.22855419248828,,,,,,,"{'min': 0, 'max': 5, 'mean': 0.5}",,,,
296,,html-keyboard-response,296,288144,0.0-3.2-32.2,,"<div class=""centerbox""><div class=""fixation"">+</div></div>",,test_fixation,500.0,,test,2.0,500.0,,,,,,,,,,,
297,,html-keyboard-response,297,289646,0.0-3.2-33.2,,"<div class = centerbox><div class = stroop-stim style = ""color:#7070FF"">blue</div></div>",,test_trial,1500.0,,test,2.0,1000.0,congruent,blue,blue,.,"[',', '.', '/']",0.0,,,,,
298,,html-keyboard-response,298,291082,0.0-3.2-34.2,,<div class = centerbox><div class = fixation>+</div></div>,,test_ITI,1434.6283175976534,,test,2.0,1434.6283175976534,,,,,,,"{'min': 0, 'max': 5, 'mean': 0.5}",,,,
299,,html-keyboard-response,299,291586,0.0-3.2-35.2,,"<div class=""centerbox""><div class=""fixation"">+</div></div>",,test_fixation,500.0,,test,2.0,500.0,,,,,,,,,,,
300,,html-keyboard-response,300,293092,0.0-3.2-36.2,,"<div class = centerbox><div class = stroop-stim style = ""color:#7070FF"">blue</div></div>",,test_trial,1500.0,,test,2.0,1000.0,incongruent,blue,blue,.,"[',', '.', '/']",0.0,,,,,
301,,html-keyboard-response,301,293951,0.0-3.2-37.2,,<div class = centerbox><div class = fixation>+</div></div>,,test_ITI,852.763156354483,,test,2.0,852.763156354483,,,,,,,"{'min': 0, 'max': 5, 'mean': 0.5}",,,,
302,,html-keyboard-response,302,294455,0.0-3.2-38.2,,"<div class=""centerbox""><div class=""fixation"">+</div></div>",,test_fixation,500.0,,test,2.0,500.0,,,,,,,,,,,
303,,html-keyboard-response,303,295962,0.0-3.2-39.2,,"<div class = centerbox><div class = stroop-stim style = ""color:#7070FF"">red</div></div>",,test_trial,1500.0,,test,2.0,1000.0,incongruent,blue,red,.,"[',', '.', '/']",0.0,,,,,
304,,html-keyboard-response,304,296040,0.0-3.2-40.2,,<div class = centerbox><div class = fixation>+</div></div>,,test_ITI,73.23265145392195,,test,2.0,73.23265145392195,,,,,,,"{'min': 0, 'max': 5, 'mean': 0.5}",,,,
305,,html-keyboard-response,305,296544,0.0-3.2-41.2,,"<div class=""centerbox""><div class=""fixation"">+</div></div>",,test_fixation,500.0,,test,2.0,500.0,,,,,,,,,,,
306,,html-keyboard-response,306,298046,0.0-3.2-42.2,,"<div class = centerbox><div class = stroop-stim style = ""color:#70FF70"">red</div></div>",,test_trial,1500.0,,test,2.0,1000.0,incongruent,green,red,/,"[',', '.', '/']",0.0,,,,,
307,,html-keyboard-response,307,299595,0.0-3.2-43.2,,<div class = centerbox><div class = fixation>+</div></div>,,test_ITI,1543.9571861771835,,test,2.0,1543.9571861771835,,,,,,,"{'min': 0, 'max': 5, 'mean': 0.5}",,,,
308,,html-keyboard-response,308,300100,0.0-3.2-44.2,,"<div class=""centerbox""><div class=""fixation"">+</div></div>",,test_fixation,500.0,,test,2.0,500.0,,,,,,,,,,,
309,,html-keyboard-response,309,301607,0.0-3.2-45.2,,"<div class = centerbox><div class = stroop-stim style = ""color:#70FF70"">green</div></div>",,test_trial,1500.0,,test,2.0,1000.0,congruent,green,green,/,"[',', '.', '/']",0.0,,,,,
310,,html-keyboard-response,310,302290,0.0-3.2-46.2,,<div class = centerbox><div class = fixation>+</div></div>,,test_ITI,679.9835250685978,,test,2.0,679.9835250685978,,,,,,,"{'min': 0, 'max': 5, 'mean': 0.5}",,,,
311,,html-keyboard-response,311,302794,0.0-3.2-47.2,,"<div class=""centerbox""><div class=""fixation"">+</div></div>",,test_fixation,500.0,,test,2.0,500.0,,,,,,,,,,,
312,,html-keyboard-response,312,304298,0.0-3.2-48.2,,"<div class = centerbox><div class = stroop-stim style = ""color:#FF7070"">red</div></div>",,test_trial,1500.0,,test,2.0,1000.0,congruent,red,red,",","[',', '.', '/']",0.0,,,,,
313,,html-keyboard-response,313,304320,0.0-3.2-49.2,,<div class = centerbox><div class = fixation>+</div></div>,,test_ITI,19.694575266344014,,test,2.0,19.694575266344014,,,,,,,"{'min': 0, 'max': 5, 'mean': 0.5}",,,,
314,,html-keyboard-response,314,304822,0.0-3.2-50.2,,"<div class=""centerbox""><div class=""fixation"">+</div></div>",,test_fixation,500.0,,test,2.0,500.0,,,,,,,,,,,
315,,html-keyboard-response,315,306328,0.0-3.2-51.2,,"<div class = centerbox><div class = stroop-stim style = ""color:#7070FF"">blue</div></div>",,test_trial,1500.0,,test,2.0,1000.0,congruent,blue,blue,.,"[',', '.', '/']",0.0,,,,,
316,,html-keyboard-response,316,306503,0.0-3.2-52.2,,<div class = centerbox><div class = fixation>+</div></div>,,test_ITI,171.62581802572294,,test,2.0,171.62581802572294,,,,,,,"{'min': 0, 'max': 5, 'mean': 0.5}",,,,
317,,html-keyboard-response,317,307007,0.0-3.2-53.2,,"<div class=""centerbox""><div class=""fixation"">+</div></div>",,test_fixation,500.0,,test,2.0,500.0,,,,,,,,,,,
318,,html-keyboard-response,318,308511,0.0-3.2-54.2,,"<div class = centerbox><div class = stroop-stim style = ""color:#FF7070"">red</div></div>",,test_trial,1500.0,,test,2.0,1000.0,incongruent,red,red,",","[',', '.', '/']",0.0,,,,,
319,,html-keyboard-response,319,308531,0.0-3.2-55.2,,<div class = centerbox><div class = fixation>+</div></div>,,test_ITI,17.014414624186184,,test,2.0,17.014414624186184,,,,,,,"{'min': 0, 'max': 5, 'mean': 0.5}",,,,
320,,html-keyboard-response,320,309033,0.0-3.2-56.2,,"<div class=""centerbox""><div class=""fixation"">+</div></div>",,test_fixation,500.0,,test,2.0,500.0,,,,,,,,,,,
321,,html-keyboard-response,321,310539,0.0-3.2-57.2,,"<div class = centerbox><div class = stroop-stim style = ""color:#FF7070"">green</div></div>",,test_trial,1500.0,,test,2.0,1000.0,incongruent,red,green,",","[',', '.', '/']",0.0,,,,,
322,,html-keyboard-response,322,312133,0.0-3.2-58.2,,<div class = centerbox><div class = fixation>+</div></div>,,test_ITI,1587.8168105737068,,test,2.0,1587.8168105737068,,,,,,,"{'min': 0, 'max': 5, 'mean': 0.5}",,,,
323,,html-keyboard-response,323,312636,0.0-3.2-59.2,,"<div class=""centerbox""><div class=""fixation"">+</div></div>",,test_fixation,500.0,,test,2.0,500.0,,,,,,,,,,,
324,,html-keyboard-response,324,314143,0.0-3.2-60.2,,"<div class = centerbox><div class = stroop-stim style = ""color:#FF7070"">blue</div></div>",,test_trial,1500.0,,test,2.0,1000.0,incongruent,red,blue,",","[',', '.', '/']",0.0,,,,,
325,,html-keyboard-response,325,314278,0.0-3.2-61.2,,<div class = centerbox><div class = fixation>+</div></div>,,test_ITI,129.20852403433312,,test,2.0,129.20852403433312,,,,,,,"{'min': 0, 'max': 5, 'mean': 0.5}",,,,
326,,html-keyboard-response,326,314782,0.0-3.2-62.2,,"<div class=""centerbox""><div class=""fixation"">+</div></div>",,test_fixation,500.0,,test,2.0,500.0,,,,,,,,,,,
327,,html-keyboard-response,327,316286,0.0-3.2-63.2,,"<div class = centerbox><div class = stroop-stim style = ""color:#FF7070"">green</div></div>",,test_trial,1500.0,,test,2.0,1000.0,incongruent,red,green,",","[',', '.', '/']",0.0,,,,,
328,,html-keyboard-response,328,316633,0.0-3.2-64.2,,<div class = centerbox><div class = fixation>+</div></div>,,test_ITI,342.6150660003677,,test,2.0,342.6150660003677,,,,,,,"{'min': 0, 'max': 5, 'mean': 0.5}",,,,
329,,html-keyboard-response,329,317137,0.0-3.2-65.2,,"<div class=""centerbox""><div class=""fixation"">+</div></div>",,test_fixation,500.0,,test,2.0,500.0,,,,,,,,,,,
330,,html-keyboard-response,330,318643,0.0-3.2-66.2,,"<div class = centerbox><div class = stroop-stim style = ""color:#FF7070"">green</div></div>",,test_trial,1500.0,,test,2.0,1000.0,incongruent,red,green,",","[',', '.', '/']",0.0,,,,,
331,,html-keyboard-response,331,318649,0.0-3.2-67.2,,<div class = centerbox><div class = fixation>+</div></div>,,test_ITI,3.02442461947372,,test,2.0,3.02442461947372,,,,,,,"{'min': 0, 'max': 5, 'mean': 0.5}",,,,
332,,html-keyboard-response,332,319151,0.0-3.2-68.2,,"<div class=""centerbox""><div class=""fixation"">+</div></div>",,test_fixation,500.0,,test,2.0,500.0,,,,,,,,,,,
333,,html-keyboard-response,333,320652,0.0-3.2-69.2,,"<div class = centerbox><div class = stroop-stim style = ""color:#7070FF"">blue</div></div>",,test_trial,1500.0,,test,2.0,1000.0,incongruent,blue,blue,.,"[',', '.', '/']",0.0,,,,,
334,,html-keyboard-response,334,320716,0.0-3.2-70.2,,<div class = centerbox><div class = fixation>+</div></div>,,test_ITI,61.558958077853504,,test,2.0,61.558958077853504,,,,,,,"{'min': 0, 'max': 5, 'mean': 0.5}",,,,
335,,html-keyboard-response,335,321221,0.0-3.2-71.2,,"<div class=""centerbox""><div class=""fixation"">+</div></div>",,test_fixation,500.0,,test,2.0,500.0,,,,,,,,,,,
336,,html-keyboard-response,336,322727,0.0-3.2-72.2,,"<div class = centerbox><div class = stroop-stim style = ""color:#FF7070"">blue</div></div>",,test_trial,1500.0,,test,2.0,1000.0,incongruent,red,blue,",","[',', '.', '/']",0.0,,,,,
337,,html-keyboard-response,337,324747,0.0-3.2-73.2,,<div class = centerbox><div class = fixation>+</div></div>,,test_ITI,2017.9725304797014,,test,2.0,2017.9725304797014,,,,,,,"{'min': 0, 'max': 5, 'mean': 0.5}",,,,
338,,html-keyboard-response,338,325251,0.0-3.2-74.2,,"<div class=""centerbox""><div class=""fixation"">+</div></div>",,test_fixation,500.0,,test,2.0,500.0,,,,,,,,,,,
339,,html-keyboard-response,339,326757,0.0-3.2-75.2,,"<div class = centerbox><div class = stroop-stim style = ""color:#FF7070"">red</div></div>",,test_trial,1500.0,,test,2.0,1000.0,congruent,red,red,",","[',', '.', '/']",0.0,,,,,
340,,html-keyboard-response,340,327257,0.0-3.2-76.2,,<div class = centerbox><div class = fixation>+</div></div>,,test_ITI,496.2624404613959,,test,2.0,496.2624404613959,,,,,,,"{'min': 0, 'max': 5, 'mean': 0.5}",,,,
341,,html-keyboard-response,341,327762,0.0-3.2-77.2,,"<div class=""centerbox""><div class=""fixation"">+</div></div>",,test_fixation,500.0,,test,2.0,500.0,,,,,,,,,,,
342,,html-keyboard-response,342,329268,0.0-3.2-78.2,,"<div class = centerbox><div class = stroop-stim style = ""color:#7070FF"">red</div></div>",,test_trial,1500.0,,test,2.0,1000.0,incongruent,blue,red,.,"[',', '.', '/']",0.0,,,,,
343,,html-keyboard-response,343,329321,0.0-3.2-79.2,,<div class = centerbox><div class = fixation>+</div></div>,,test_ITI,46.807237793438716,,test,2.0,46.807237793438716,,,,,,,"{'min': 0, 'max': 5, 'mean': 0.5}",,,,
344,,html-keyboard-response,344,329824,0.0-3.2-80.2,,"<div class=""centerbox""><div class=""fixation"">+</div></div>",,test_fixation,500.0,,test,2.0,500.0,,,,,,,,,,,
345,,html-keyboard-response,345,331330,0.0-3.2-81.2,,"<div class = centerbox><div class = stroop-stim style = ""color:#FF7070"">green</div></div>",,test_trial,1500.0,,test,2.0,1000.0,incongruent,red,green,",","[',', '.', '/']",0.0,,,,,
346,,html-keyboard-response,346,331493,0.0-3.2-82.2,,<div class = centerbox><div class = fixation>+</div></div>,,test_ITI,157.68614782554326,,test,2.0,157.68614782554326,,,,,,,"{'min': 0, 'max': 5, 'mean': 0.5}",,,,
347,,html-keyboard-response,347,331996,0.0-3.2-83.2,,"<div class=""centerbox""><div class=""fixation"">+</div></div>",,test_fixation,500.0,,test,2.0,500.0,,,,,,,,,,,
348,,html-keyboard-response,348,333503,0.0-3.2-84.2,,"<div class = centerbox><div class = stroop-stim style = ""color:#70FF70"">green</div></div>",,test_trial,1500.0,,test,2.0,1000.0,congruent,green,green,/,"[',', '.', '/']",0.0,,,,,
349,,html-keyboard-response,349,334887,0.0-3.2-85.2,,<div class = centerbox><div class = fixation>+</div></div>,,test_ITI,1377.6357658216787,,test,2.0,1377.6357658216787,,,,,,,"{'min': 0, 'max': 5, 'mean': 0.5}",,,,
350,,html-keyboard-response,350,335389,0.0-3.2-86.2,,"<div class=""centerbox""><div class=""fixation"">+</div></div>",,test_fixation,500.0,,test,2.0,500.0,,,,,,,,,,,
351,,html-keyboard-response,351,336896,0.0-3.2-87.2,,"<div class = centerbox><div class = stroop-stim style = ""color:#70FF70"">green</div></div>",,test_trial,1500.0,,test,2.0,1000.0,congruent,green,green,/,"[',', '.', '/']",0.0,,,,,
352,,html-keyboard-response,352,337196,0.0-3.2-88.2,,<div class = centerbox><div class = fixation>+</div></div>,,test_ITI,294.5517260959619,,test,2.0,294.5517260959619,,,,,,,"{'min': 0, 'max': 5, 'mean': 0.5}",,,,
353,,html-keyboard-response,353,337699,0.0-3.2-89.2,,"<div class=""centerbox""><div class=""fixation"">+</div></div>",,test_fixation,500.0,,test,2.0,500.0,,,,,,,,,,,
354,,html-keyboard-response,354,339203,0.0-3.2-90.2,,"<div class = centerbox><div class = stroop-stim style = ""color:#7070FF"">green</div></div>",,test_trial,1500.0,,test,2.0,1000.0,incongruent,blue,green,.,"[',', '.', '/']",0.0,,,,,
355,,html-keyboard-response,355,339815,0.0-3.2-91.2,,<div class = centerbox><div class = fixation>+</div></div>,,test_ITI,606.8277235051314,,test,2.0,606.8277235051314,,,,,,,"{'min': 0, 'max': 5, 'mean': 0.5}",,,,
356,,html-keyboard-response,356,340318,0.0-3.2-92.2,,"<div class=""centerbox""><div class=""fixation"">+</div></div>",,test_fixation,500.0,,test,2.0,500.0,,,,,,,,,,,
357,,html-keyboard-response,357,341824,0.0-3.2-93.2,,"<div class = centerbox><div class = stroop-stim style = ""color:#FF7070"">red</div></div>",,test_trial,1500.0,,test,2.0,1000.0,incongruent,red,red,",","[',', '.', '/']",0.0,,,,,
358,,html-keyboard-response,358,342204,0.0-3.2-94.2,,<div class = centerbox><div class = fixation>+</div></div>,,test_ITI,378.96179315028155,,test,2.0,378.96179315028155,,,,,,,"{'min': 0, 'max': 5, 'mean': 0.5}",,,,
359,,html-keyboard-response,359,342707,0.0-3.2-95.2,,"<div class=""centerbox""><div class=""fixation"">+</div></div>",,test_fixation,500.0,,test,2.0,500.0,,,,,,,,,,,
360,,html-keyboard-response,360,344214,0.0-3.2-96.2,,"<div class = centerbox><div class = stroop-stim style = ""color:#70FF70"">blue</div></div>",,test_trial,1500.0,,test,2.0,1000.0,incongruent,green,blue,/,"[',', '.', '/']",0.0,,,,,
361,,html-keyboard-response,361,344657,0.0-3.2-97.2,,<div class = centerbox><div class = fixation>+</div></div>,,test_ITI,437.3671504739148,,test,2.0,437.3671504739148,,,,,,,"{'min': 0, 'max': 5, 'mean': 0.5}",,,,
362,,html-keyboard-response,362,345161,0.0-3.2-98.2,,"<div class=""centerbox""><div class=""fixation"">+</div></div>",,test_fixation,500.0,,test,2.0,500.0,,,,,,,,,,,
363,,html-keyboard-response,363,346667,0.0-3.2-99.2,,"<div class = centerbox><div class = stroop-stim style = ""color:#7070FF"">green</div></div>",,test_trial,1500.0,,test,2.0,1000.0,incongruent,blue,green,.,"[',', '.', '/']",0.0,,,,,
364,,html-keyboard-response,364,347825,0.0-3.2-100.2,,<div class = centerbox><div class = fixation>+</div></div>,,test_ITI,1151.5141944753727,,test,2.0,1151.5141944753727,,,,,,,"{'min': 0, 'max': 5, 'mean': 0.5}",,,,
365,,html-keyboard-response,365,348329,0.0-3.2-101.2,,"<div class=""centerbox""><div class=""fixation"">+</div></div>",,test_fixation,500.0,,test,2.0,500.0,,,,,,,,,,,
366,,html-keyboard-response,366,349836,0.0-3.2-102.2,,"<div class = centerbox><div class = stroop-stim style = ""color:#FF7070"">red</div></div>",,test_trial,1500.0,,test,2.0,1000.0,congruent,red,red,",","[',', '.', '/']",0.0,,,,,
367,,html-keyboard-response,367,350077,0.0-3.2-103.2,,<div class = centerbox><div class = fixation>+</div></div>,,test_ITI,236.45265138551522,,test,2.0,236.45265138551522,,,,,,,"{'min': 0, 'max': 5, 'mean': 0.5}",,,,
368,,html-keyboard-response,368,350581,0.0-3.2-104.2,,"<div class=""centerbox""><div class=""fixation"">+</div></div>",,test_fixation,500.0,,test,2.0,500.0,,,,,,,,,,,
369,,html-keyboard-response,369,352088,0.0-3.2-105.2,632.0,"<div class = centerbox><div class = stroop-stim style = ""color:#70FF70"">green</div></div>",/,test_trial,1500.0,,test,2.0,1000.0,congruent,green,green,/,"[',', '.', '/']",1.0,,,,,
370,,html-keyboard-response,370,352916,0.0-3.2-106.2,,<div class = centerbox><div class = fixation>+</div></div>,,test_ITI,822.6436219205431,,test,2.0,822.6436219205431,,,,,,,"{'min': 0, 'max': 5, 'mean': 0.5}",,,,
371,,html-keyboard-response,371,353420,0.0-3.2-107.2,,"<div class=""centerbox""><div class=""fixation"">+</div></div>",,test_fixation,500.0,,test,2.0,500.0,,,,,,,,,,,
372,,html-keyboard-response,372,354927,0.0-3.2-108.2,558.0,"<div class = centerbox><div class = stroop-stim style = ""color:#70FF70"">red</div></div>",/,test_trial,1500.0,,test,2.0,1000.0,incongruent,green,red,/,"[',', '.', '/']",1.0,,,,,
373,,html-keyboard-response,373,355335,0.0-3.2-109.2,,<div class = centerbox><div class = fixation>+</div></div>,,test_ITI,402.8388073307932,,test,2.0,402.8388073307932,,,,,,,"{'min': 0, 'max': 5, 'mean': 0.5}",,,,
374,,html-keyboard-response,374,355838,0.0-3.2-110.2,,"<div class=""centerbox""><div class=""fixation"">+</div></div>",,test_fixation,500.0,,test,2.0,500.0,,,,,,,,,,,
375,,html-keyboard-response,375,357345,0.0-3.2-111.2,,"<div class = centerbox><div class = stroop-stim style = ""color:#70FF70"">green</div></div>",,test_trial,1500.0,,test,2.0,1000.0,incongruent,green,green,/,"[',', '.', '/']",0.0,,,,,
376,,html-keyboard-response,376,358152,0.0-3.2-112.2,,<div class = centerbox><div class = fixation>+</div></div>,,test_ITI,800.9110947982556,,test,2.0,800.9110947982556,,,,,,,"{'min': 0, 'max': 5, 'mean': 0.5}",,,,
377,,html-keyboard-response,377,358658,0.0-3.2-113.2,,"<div class=""centerbox""><div class=""fixation"">+</div></div>",,test_fixation,500.0,,test,2.0,500.0,,,,,,,,,,,
378,,html-keyboard-response,378,360162,0.0-3.2-114.2,,"<div class = centerbox><div class = stroop-stim style = ""color:#70FF70"">blue</div></div>",,test_trial,1500.0,,test,2.0,1000.0,incongruent,green,blue,/,"[',', '.', '/']",0.0,,,,,
379,,html-keyboard-response,379,360198,0.0-3.2-115.2,,<div class = centerbox><div class = fixation>+</div></div>,,test_ITI,30.034229219294865,,test,2.0,30.034229219294865,,,,,,,"{'min': 0, 'max': 5, 'mean': 0.5}",,,,
380,,html-keyboard-response,380,360702,0.0-3.2-116.2,,"<div class=""centerbox""><div class=""fixation"">+</div></div>",,test_fixation,500.0,,test,2.0,500.0,,,,,,,,,,,
381,,html-keyboard-response,381,362206,0.0-3.2-117.2,,"<div class = centerbox><div class = stroop-stim style = ""color:#70FF70"">green</div></div>",,test_trial,1500.0,,test,2.0,1000.0,congruent,green,green,/,"[',', '.', '/']",0.0,,,,,
382,,html-keyboard-response,382,362329,0.0-3.2-118.2,,<div class = centerbox><div class = fixation>+</div></div>,,test_ITI,119.67759601374037,,test,2.0,119.67759601374037,,,,,,,"{'min': 0, 'max': 5, 'mean': 0.5}",,,,
383,,html-keyboard-response,383,362831,0.0-3.2-119.2,,"<div class=""centerbox""><div class=""fixation"">+</div></div>",,test_fixation,500.0,,test,2.0,500.0,,,,,,,,,,,
384,,html-keyboard-response,384,364335,0.0-3.2-120.2,,"<div class = centerbox><div class = stroop-stim style = ""color:#7070FF"">blue</div></div>",,test_trial,1500.0,,test,2.0,1000.0,incongruent,blue,blue,.,"[',', '.', '/']",0.0,,,,,
385,,html-keyboard-response,385,365565,0.0-3.2-121.2,,<div class = centerbox><div class = fixation>+</div></div>,,test_ITI,1227.0534979488557,,test,2.0,1227.0534979488557,,,,,,,"{'min': 0, 'max': 5, 'mean': 0.5}",,,,
386,,html-keyboard-response,386,395504,0.0-4.0,29937.0,"
  <div class=""centerbox"">
    <p class=""center-block-text"">Thanks for completing this task!</p>
    <p class=""center-block-text"">Press <i>enter</i> to continue.</p>
  </div>
",enter,end,180000.0,,,,,,,,,,,,,,stroop_rdoc,1.0
387,True,fullscreen,387,396509,0.0-5.0,,,,,,,,,,,,,,,,,,,,
